period,china_destinations,mirror_destinations,unit_destinations,value_destinations,missing_destinations,world_value_usd,world_units,historical_unallocated_value_usd
2020-01,141,0,141,141,61,801214309.0,130311.0,186469.0
2020-02,114,0,114,114,88,457774330.0,47518.0,0.0
2020-03,127,0,127,127,75,497548687.0,87322.56,4626.0
2020-04,139,0,139,139,63,790343377.0,111735.0,222525.0
2020-05,141,0,141,141,61,683389958.0,104435.0,62119.0
2020-06,131,0,131,131,71,712565338.0,122266.015,257129.0
2020-07,131,0,131,131,71,766403834.0,153439.0,94605.0
2020-08,138,0,138,138,64,781020294.0,155402.02,194631.0
2020-09,139,0,138,139,63,936500089.0,178729.013,39217.0
2020-10,132,0,132,132,70,988179575.0,201477.31,397308.0
2020-11,137,0,137,137,65,1332365670.0,227717.0,191705.0
2020-12,139,0,139,139,63,1180403555.0,198304.049,141386.0
2021-01,136,0,136,136,66,1401708786.0,211522.0,182843.0
2021-02,123,0,123,123,79,1524334121.0,176261.0,22697.0
2021-03,138,0,138,138,64,1384464671.0,203943.0,14468.0
2021-04,135,0,135,135,67,1776852119.0,225805.0,364692.0
2021-05,132,0,132,132,70,1815620860.0,249304.0,72573.0
2021-06,139,0,139,139,63,2097064854.0,280860.0,20642.0
2021-07,136,0,136,136,66,2146005015.0,259570.0,338090.0
2021-08,143,0,143,143,59,2781440011.0,291415.0,24900.0
2021-09,144,0,144,144,58,1888228392.0,266711.0,109470.0
2021-10,139,0,139,139,63,2864765851.0,306892.0,75858.0
2021-11,145,0,145,145,57,2700831704.0,313040.0,186999.0
2021-12,134,0,134,134,68,2003975274.0,249852.0,46898.0
2022-01,147,0,147,147,55,3563834227.0,313074.0,106933.0
2022-02,129,0,129,129,73,3256726611.0,246479.0,0.0
2022-03,131,0,131,131,71,2219269787.0,233654.0,114769.0
2022-04,131,0,131,131,71,1685220548.0,204253.257,64766.0
2022-05,141,0,141,141,61,2796998834.0,249198.0,265901.0
2022-06,144,0,144,144,58,2515589683.0,277666.0,168397.0
2022-07,154,0,154,154,48,3370944251.0,303214.0,64101.0
2022-08,153,0,153,153,49,4668621189.0,331956.0,102208.0
2022-09,148,0,148,148,54,4676286837.0,367451.0,2745399.0
2022-10,149,0,149,149,53,5679701191.0,379798.0,3685996.0
2022-11,152,0,152,152,50,5916118566.0,386993.0,4814110.0
2022-12,155,0,155,155,47,4279467508.0,343299.0,3844364.0
2023-01,145,0,145,145,57,5521459647.0,367448.0,19613738.0
2023-02,130,0,130,130,72,5290718351.0,312351.279,21029529.0
2023-03,150,0,150,150,52,5337081193.0,395662.017,23074491.0
2023-04,145,0,145,145,57,6296518689.0,430035.0,29370375.0
2023-05,151,0,151,151,51,6615759732.0,446991.076,38221317.0
2023-06,148,0,148,148,54,5680783406.0,426662.151,38194760.0
2023-07,151,0,151,151,51,6327852979.0,458574.0,27733561.0
2023-08,159,0,159,159,43,6443539876.0,473494.0,31320614.0
2023-09,165,0,165,165,37,7358748446.0,528892.0,30187450.0
2023-10,152,0,152,152,50,8389518045.0,555910.0,34277444.0
2023-11,162,0,162,162,40,7702744127.0,534040.01,38095159.0
2023-12,163,0,163,163,39,6690174714.0,458505.171,37817454.0
2024-01,161,9,169,170,32,6502242810.0,447343.079,24991387.0
2024-02,154,14,168,168,34,5816568840.0,389198.0,44855925.0
2024-03,156,6,162,162,40,7310751997.0,489299.0,29581586.0
2024-04,159,7,165,166,36,8254962379.0,560750.0,29880012.0
2024-05,165,7,172,172,30,8145981648.0,594862.0,54965518.0
2024-06,165,9,174,174,28,6701913370.0,525680.0,46846695.0
2024-07,170,8,178,178,24,7895180262.0,595106.006,59344897.0
2024-08,168,7,174,175,27,8533418299.0,653146.0,71642801.0
2024-09,170,6,176,176,26,8474596270.0,619532.0,80976920.0
2024-10,173,6,179,179,23,8262883217.0,601345.653,60639229.0
2024-11,172,8,180,180,22,6862185576.0,575923.0,55460842.0
2024-12,170,8,178,178,24,7459869230.0,576799.0,69447240.0
2025-01,0,96,93,96,106,7186780426.0,380000,
2025-02,0,94,92,94,108,5345322731.0,349000,
2025-03,0,94,89,94,108,7065449473.0,391000,
2025-04,0,94,93,94,108,8495872731.0,423000,
2025-05,0,91,90,91,111,9245877547.0,448000,
2025-06,0,90,88,90,112,8126668163.0,480000,
2025-07,0,90,89,90,112,9188295750.0,475000,
2025-08,0,89,88,89,113,10201380490.0,499000,
2025-09,0,91,89,91,111,9981633049.0,528000,
2025-10,0,87,85,87,115,11228152770.0,568000,
2025-11,0,89,86,89,113,11063639632.0,601000,
2025-12,0,87,84,87,115,13270365882.0,588000,
2026-01,0,81,80,81,121,11125953887.0,576000,
2026-02,0,78,75,78,124,9752440755.0,555000,
2026-03,0,80,76,80,122,10527503016.0,695000,
2026-04,0,75,73,75,127,12970145088.0,769000,
2026-05,0,66,63,66,136,13592536727.0,784000,
2026-06,0,61,59,61,141,14907663505.0,877000,
2026-07,0,45,43,45,157,15628712208.0,918000,
2026-08,0,12,11,12,190,10420969292.0,888000,
