period,iso3,country,region,units,value_usd,units_source,value_source,value_basis,units_source_url,value_source_url,units_scope,status,units_status,units_note,quantity_value_coverage,unit_value_usd,unit_value_note,qty_estimated,units_mom,units_mom_partial_input,units_mom_source_break,units_yoy,units_yoy_partial_input,units_yoy_source_break,value_usd_mom,value_usd_mom_partial_input,value_usd_mom_source_break,value_usd_yoy,value_usd_yoy_partial_input,value_usd_yoy_source_break
2020-01,WLD,World,World,130311.0,801214309.0,comtrade_china,comtrade_china,FOB,https://comtradeplus.un.org/TradeFlow,https://comtradeplus.un.org/TradeFlow,"HS 8703; China-reported exports, FOB",reported,reported,,,6148.477941232897,Customs value per reported item; not a retail price,,,False,False,,False,False,,False,False,,False,False
2020-02,WLD,World,World,47518.0,457774330.0,comtrade_china,comtrade_china,FOB,https://comtradeplus.un.org/TradeFlow,https://comtradeplus.un.org/TradeFlow,"HS 8703; China-reported exports, FOB",reported,reported,,,9633.703649143483,Customs value per reported item; not a retail price,,-0.6353492797998634,False,False,,False,False,-0.4286493328216383,False,False,,False,False
2020-03,WLD,World,World,87322.56,497548687.0,comtrade_china,comtrade_china,FOB,https://comtradeplus.un.org/TradeFlow,https://comtradeplus.un.org/TradeFlow,"HS 8703; China-reported exports, FOB",reported,reported,,,5697.825246992301,Customs value per reported item; not a retail price,,0.8376733027484322,False,False,,False,False,0.08688638570013318,False,False,,False,False
2020-04,WLD,World,World,111735.0,790343377.0,comtrade_china,comtrade_china,FOB,https://comtradeplus.un.org/TradeFlow,https://comtradeplus.un.org/TradeFlow,"HS 8703; China-reported exports, FOB",reported,reported,,,7073.373401351412,Customs value per reported item; not a retail price,,0.2795662426754324,False,False,,False,False,0.58847445013959,False,False,,False,False
2020-05,WLD,World,World,104435.0,683389958.0,comtrade_china,comtrade_china,FOB,https://comtradeplus.un.org/TradeFlow,https://comtradeplus.un.org/TradeFlow,"HS 8703; China-reported exports, FOB",reported,reported,,,6543.687058936181,Customs value per reported item; not a retail price,,-0.06533315433838993,False,False,,False,False,-0.13532525496193282,False,False,,False,False
2020-06,WLD,World,World,122266.015,712565338.0,comtrade_china,comtrade_china,FOB,https://comtradeplus.un.org/TradeFlow,https://comtradeplus.un.org/TradeFlow,"HS 8703; China-reported exports, FOB",reported,reported,,,5827.991842213881,Customs value per reported item; not a retail price,,0.17073792311006852,False,False,,False,False,0.0426921403489513,False,False,,False,False
2020-07,WLD,World,World,153439.0,766403834.0,comtrade_china,comtrade_china,FOB,https://comtradeplus.un.org/TradeFlow,https://comtradeplus.un.org/TradeFlow,"HS 8703; China-reported exports, FOB",reported,reported,,,4994.843775050672,Customs value per reported item; not a retail price,,0.2549603420050943,False,False,,False,False,0.07555587274440234,False,False,,False,False
2020-08,WLD,World,World,155402.02,781020294.0,comtrade_china,comtrade_china,FOB,https://comtradeplus.un.org/TradeFlow,https://comtradeplus.un.org/TradeFlow,"HS 8703; China-reported exports, FOB",reported,reported,,,5025.8052887600825,Customs value per reported item; not a retail price,,0.01279348796590174,False,False,,False,False,0.019071486012425032,False,False,,False,False
2020-09,WLD,World,World,178729.013,936500089.0,comtrade_china,comtrade_china,FOB,https://comtradeplus.un.org/TradeFlow,https://comtradeplus.un.org/TradeFlow,"HS 8703; China-reported exports, FOB",partial,reported_subtotal_lower_bound,Published world quantity missing. Sum of reported named-destination quantities covering 99.995788% of world export value; USD 39450 is unallocated or lacks quantity. Not an exact global total.,0.9999578750707412,,Customs value per reported item; not a retail price,,0.1501073988613535,True,False,,False,False,0.19907266967892645,False,False,,False,False
2020-10,WLD,World,World,201477.31,988179575.0,comtrade_china,comtrade_china,FOB,https://comtradeplus.un.org/TradeFlow,https://comtradeplus.un.org/TradeFlow,"HS 8703; China-reported exports, FOB",reported,reported,,,4904.66929005554,Customs value per reported item; not a retail price,,0.12727814370015,True,False,,False,False,0.05518364237977136,False,False,,False,False
2020-11,WLD,World,World,227717.0,1332365670.0,comtrade_china,comtrade_china,FOB,https://comtradeplus.un.org/TradeFlow,https://comtradeplus.un.org/TradeFlow,"HS 8703; China-reported exports, FOB",reported,reported,,,5850.971468972452,Customs value per reported item; not a retail price,,0.13023645193595246,False,False,,False,False,0.34830318669559635,False,False,,False,False
2020-12,WLD,World,World,198304.049,1180403555.0,comtrade_china,comtrade_china,FOB,https://comtradeplus.un.org/TradeFlow,https://comtradeplus.un.org/TradeFlow,"HS 8703; China-reported exports, FOB",reported,reported,,,5952.4934611899935,Customs value per reported item; not a retail price,,-0.12916449364781724,False,False,,False,False,-0.11405436091729981,False,False,,False,False
2021-01,WLD,World,World,211522.0,1401708786.0,comtrade_china,comtrade_china,FOB,https://comtradeplus.un.org/TradeFlow,https://comtradeplus.un.org/TradeFlow,"HS 8703; China-reported exports, FOB",reported,reported,,,6626.775399249251,Customs value per reported item; not a retail price,,0.06665497283920807,False,False,0.6232090920950648,False,False,0.18748268764744602,False,False,0.7494804701497162,False,False
2021-02,WLD,World,World,176261.0,1524334121.0,comtrade_china,comtrade_china,FOB,https://comtradeplus.un.org/TradeFlow,https://comtradeplus.un.org/TradeFlow,"HS 8703; China-reported exports, FOB",reported,reported,,,8648.164489024799,Customs value per reported item; not a retail price,,-0.16670133603124027,False,False,2.7093522454648764,False,False,0.08748274693342761,False,False,2.3298811687409384,False,False
2021-03,WLD,World,World,203943.0,1384464671.0,comtrade_china,comtrade_china,FOB,https://comtradeplus.un.org/TradeFlow,https://comtradeplus.un.org/TradeFlow,"HS 8703; China-reported exports, FOB",reported,reported,,,6788.48830800763,Customs value per reported item; not a retail price,,0.1570511911313337,False,False,1.335513296907466,False,False,-0.09175773741011728,False,False,1.782571248148023,False,False
2021-04,WLD,World,World,225805.0,1776852119.0,comtrade_china,comtrade_china,FOB,https://comtradeplus.un.org/TradeFlow,https://comtradeplus.un.org/TradeFlow,"HS 8703; China-reported exports, FOB",reported,reported,,,7868.967113217156,Customs value per reported item; not a retail price,,0.10719661866305774,False,False,1.0208976596411152,False,False,0.2834217847657883,False,False,1.2482027062017123,False,False
2021-05,WLD,World,World,249304.0,1815620860.0,comtrade_china,comtrade_china,FOB,https://comtradeplus.un.org/TradeFlow,https://comtradeplus.un.org/TradeFlow,"HS 8703; China-reported exports, FOB",reported,reported,,,7282.75864005391,Customs value per reported item; not a retail price,,0.10406766900644371,False,False,1.3871690525207065,False,False,0.021818777480378415,False,False,1.6567859810430519,False,False
2021-06,WLD,World,World,280860.0,2097064854.0,comtrade_china,comtrade_china,FOB,https://comtradeplus.un.org/TradeFlow,https://comtradeplus.un.org/TradeFlow,"HS 8703; China-reported exports, FOB",reported,reported,,,7466.584255500961,Customs value per reported item; not a retail price,,0.12657638866604626,False,False,1.2971223851533886,False,False,0.1550125360423542,False,False,1.942979039488446,False,False
2021-07,WLD,World,World,259570.0,2146005015.0,comtrade_china,comtrade_china,FOB,https://comtradeplus.un.org/TradeFlow,https://comtradeplus.un.org/TradeFlow,"HS 8703; China-reported exports, FOB",reported,reported,,,8267.538679354317,Customs value per reported item; not a retail price,,-0.07580289112013106,False,False,0.6916820365096228,False,False,0.023337457068459466,False,False,1.8000969199222454,False,False
2021-08,WLD,World,World,291415.0,2781440011.0,comtrade_china,comtrade_china,FOB,https://comtradeplus.un.org/TradeFlow,https://comtradeplus.un.org/TradeFlow,"HS 8703; China-reported exports, FOB",reported,reported,,,9544.601379476006,Customs value per reported item; not a retail price,,0.12268366914512452,False,False,0.8752330246415074,False,False,0.2961013565012569,False,False,2.5612903177647777,False,False
2021-09,WLD,World,World,266711.0,1888228392.0,comtrade_china,comtrade_china,FOB,https://comtradeplus.un.org/TradeFlow,https://comtradeplus.un.org/TradeFlow,"HS 8703; China-reported exports, FOB",reported,reported,,,7079.679473287566,Customs value per reported item; not a retail price,,-0.0847725751934526,False,False,0.49226471697686813,True,False,-0.3211328000846825,False,False,1.01626077154596,False,False
2021-10,WLD,World,World,306892.0,2864765851.0,comtrade_china,comtrade_china,FOB,https://comtradeplus.un.org/TradeFlow,https://comtradeplus.un.org/TradeFlow,"HS 8703; China-reported exports, FOB",reported,reported,,,9334.768749266843,Customs value per reported item; not a retail price,,0.1506537038217397,False,False,0.5232087424633574,False,False,0.5171712612400969,False,False,1.8990336609618752,False,False
2021-11,WLD,World,World,313040.0,2700831704.0,comtrade_china,comtrade_china,FOB,https://comtradeplus.un.org/TradeFlow,https://comtradeplus.un.org/TradeFlow,"HS 8703; China-reported exports, FOB",reported,reported,,,8627.752696141068,Customs value per reported item; not a retail price,,0.020033106108989562,False,False,0.3746887584150502,False,False,-0.05722427434785837,False,False,1.0270949370828504,False,False
2021-12,WLD,World,World,249852.0,2003975274.0,comtrade_china,comtrade_china,FOB,https://comtradeplus.un.org/TradeFlow,https://comtradeplus.un.org/TradeFlow,"HS 8703; China-reported exports, FOB",reported,reported,,,8020.649320397675,Customs value per reported item; not a retail price,,-0.20185279836442627,False,False,0.2599440165742657,False,False,-0.2580154953631276,False,False,0.6977035230972344,False,False
2022-01,WLD,World,World,313074.0,3563834227.0,comtrade_china,comtrade_china,FOB,https://comtradeplus.un.org/TradeFlow,https://comtradeplus.un.org/TradeFlow,"HS 8703; China-reported exports, FOB",reported,reported,,,11383.360569705565,Customs value per reported item; not a retail price,,0.253037798376639,False,False,0.48010136061497155,False,False,0.7783823349708656,False,False,1.5424926080187955,False,False
2022-02,WLD,World,World,246479.0,3256726611.0,comtrade_china,comtrade_china,FOB,https://comtradeplus.un.org/TradeFlow,https://comtradeplus.un.org/TradeFlow,"HS 8703; China-reported exports, FOB",reported,reported,,,13212.99831222944,Customs value per reported item; not a retail price,,-0.21271328823217517,False,False,0.3983751368708903,False,False,-0.08617337295694594,False,False,1.1364913152134313,False,False
2022-03,WLD,World,World,233654.0,2219269787.0,comtrade_china,comtrade_china,FOB,https://comtradeplus.un.org/TradeFlow,https://comtradeplus.un.org/TradeFlow,"HS 8703; China-reported exports, FOB",reported,reported,,,9498.103122565844,Customs value per reported item; not a retail price,,-0.05203283038311579,False,False,0.14568286236840677,False,False,-0.3185581560625508,False,False,0.6029804396503808,False,False
2022-04,WLD,World,World,204253.257,1685220548.0,comtrade_china,comtrade_china,FOB,https://comtradeplus.un.org/TradeFlow,https://comtradeplus.un.org/TradeFlow,"HS 8703; China-reported exports, FOB",reported,reported,,,8250.642230884963,Customs value per reported item; not a retail price,,-0.12583025756032418,False,False,-0.09544404685458685,False,False,-0.24064187334426146,False,False,-0.05156961011002403,False,False
2022-05,WLD,World,World,249198.0,2796998834.0,comtrade_china,comtrade_china,FOB,https://comtradeplus.un.org/TradeFlow,https://comtradeplus.un.org/TradeFlow,"HS 8703; China-reported exports, FOB",reported,reported,,,11224.001934204929,Customs value per reported item; not a retail price,,0.22004419248991458,False,False,-0.0004251837114527257,False,False,0.6597227213491108,False,False,0.5405192216176675,False,False
2022-06,WLD,World,World,277666.0,2515589683.0,comtrade_china,comtrade_china,FOB,https://comtradeplus.un.org/TradeFlow,https://comtradeplus.un.org/TradeFlow,"HS 8703; China-reported exports, FOB",reported,reported,,,9059.768509648282,Customs value per reported item; not a retail price,,0.1142384770343261,False,False,-0.011372213914405793,False,False,-0.1006111077270474,False,False,0.19957648338900635,False,False
2022-07,WLD,World,World,303214.0,3370944251.0,comtrade_china,comtrade_china,FOB,https://comtradeplus.un.org/TradeFlow,https://comtradeplus.un.org/TradeFlow,"HS 8703; China-reported exports, FOB",reported,reported,,,11117.376674559882,Customs value per reported item; not a retail price,,0.09200982475348085,False,False,0.16813961551797196,False,False,0.34002149626402334,False,False,0.5707998012297282,False,False
2022-08,WLD,World,World,331956.0,4668621189.0,comtrade_china,comtrade_china,FOB,https://comtradeplus.un.org/TradeFlow,https://comtradeplus.un.org/TradeFlow,"HS 8703; China-reported exports, FOB",reported,reported,,,14063.975915482775,Customs value per reported item; not a retail price,,0.09479113761237934,False,False,0.13911775303261664,False,False,0.3849594776345058,False,False,0.6784906992552786,False,False
2022-09,WLD,World,World,367451.0,4676286837.0,comtrade_china,comtrade_china,FOB,https://comtradeplus.un.org/TradeFlow,https://comtradeplus.un.org/TradeFlow,"HS 8703; China-reported exports, FOB",reported,reported,,,12726.286870902515,Customs value per reported item; not a retail price,,0.10692682162696254,False,False,0.37771220534586125,False,False,0.00164195116495236,False,False,1.4765472528706685,False,False
2022-10,WLD,World,World,379798.0,5679701191.0,comtrade_china,comtrade_china,FOB,https://comtradeplus.un.org/TradeFlow,https://comtradeplus.un.org/TradeFlow,"HS 8703; China-reported exports, FOB",reported,reported,,,14954.531595743,Customs value per reported item; not a retail price,,0.033601759146117516,False,False,0.23756239980188476,False,False,0.21457502265702022,False,False,0.982605729894956,False,False
2022-11,WLD,World,World,386993.0,5916118566.0,comtrade_china,comtrade_china,FOB,https://comtradeplus.un.org/TradeFlow,https://comtradeplus.un.org/TradeFlow,"HS 8703; China-reported exports, FOB",reported,reported,,,15287.404593881543,Customs value per reported item; not a retail price,,0.018944280907219113,False,False,0.23624137490416564,False,False,0.04162496706246177,False,False,1.1904802721465684,False,False
2022-12,WLD,World,World,343299.0,4279467508.0,comtrade_china,comtrade_china,FOB,https://comtradeplus.un.org/TradeFlow,https://comtradeplus.un.org/TradeFlow,"HS 8703; China-reported exports, FOB",reported,reported,,,12465.715041407053,Customs value per reported item; not a retail price,,-0.11290643500011632,False,False,0.3740094135728351,False,False,-0.27664270750181585,False,False,1.1354891766992932,False,False
2023-01,WLD,World,World,367448.0,5521459647.0,comtrade_china,comtrade_china,FOB,https://comtradeplus.un.org/TradeFlow,https://comtradeplus.un.org/TradeFlow,"HS 8703; China-reported exports, FOB",reported,reported,,,15026.506191352246,Customs value per reported item; not a retail price,,0.0703439275966431,False,False,0.17367778863783,False,False,0.2902211867897655,False,False,0.5493031648803457,False,False
2023-02,WLD,World,World,312351.279,5290718351.0,comtrade_china,comtrade_china,FOB,https://comtradeplus.un.org/TradeFlow,https://comtradeplus.un.org/TradeFlow,"HS 8703; China-reported exports, FOB",reported,reported,,,16938.359810590053,Customs value per reported item; not a retail price,,-0.14994426694389418,False,False,0.26725310878411546,False,False,-0.04178990896462853,False,False,0.6245509626537087,False,False
2023-03,WLD,World,World,395662.017,5337081193.0,comtrade_china,comtrade_china,FOB,https://comtradeplus.un.org/TradeFlow,https://comtradeplus.un.org/TradeFlow,"HS 8703; China-reported exports, FOB",reported,reported,,,13488.990511313094,Customs value per reported item; not a retail price,,0.26672129618524787,False,False,0.6933671882355963,False,False,0.00876305237288566,False,False,1.40488165263343,False,False
2023-04,WLD,World,World,430035.0,6296518689.0,comtrade_china,comtrade_china,FOB,https://comtradeplus.un.org/TradeFlow,https://comtradeplus.un.org/TradeFlow,"HS 8703; China-reported exports, FOB",reported,reported,,,14641.874938086436,Customs value per reported item; not a retail price,,0.0868746089418031,False,False,1.1054009434963379,False,False,0.17976820312540442,False,False,2.736317300707397,False,False
2023-05,WLD,World,World,446991.076,6615759732.0,comtrade_china,comtrade_china,FOB,https://comtradeplus.un.org/TradeFlow,https://comtradeplus.un.org/TradeFlow,"HS 8703; China-reported exports, FOB",reported,reported,,,14800.652825561108,Customs value per reported item; not a retail price,,0.03942952550373802,False,False,0.7937185531184039,False,False,0.05070119835548392,False,False,1.365306574882898,False,False
2023-06,WLD,World,World,426662.151,5680783406.0,comtrade_china,comtrade_china,FOB,https://comtradeplus.un.org/TradeFlow,https://comtradeplus.un.org/TradeFlow,"HS 8703; China-reported exports, FOB",reported,reported,,,13314.477022828303,Customs value per reported item; not a retail price,,-0.04547948738019103,False,False,0.5366020722738831,False,False,-0.14132561699264568,False,False,1.2582313182431668,False,False
2023-07,WLD,World,World,458574.0,6327852979.0,comtrade_china,comtrade_china,FOB,https://comtradeplus.un.org/TradeFlow,https://comtradeplus.un.org/TradeFlow,"HS 8703; China-reported exports, FOB",reported,reported,,,13798.978963046313,Customs value per reported item; not a retail price,,0.07479418768504731,False,False,0.5123773968220464,False,False,0.1139049892866133,False,False,0.8771752090301774,False,False
2023-08,WLD,World,World,473494.0,6443539876.0,comtrade_china,comtrade_china,FOB,https://comtradeplus.un.org/TradeFlow,https://comtradeplus.un.org/TradeFlow,"HS 8703; China-reported exports, FOB",reported,reported,,,13608.493193155562,Customs value per reported item; not a retail price,,0.03253564310231272,False,False,0.4263757847425562,False,False,0.018282172070673175,False,False,0.3801804890878673,False,False
2023-09,WLD,World,World,528892.0,7358748446.0,comtrade_china,comtrade_china,FOB,https://comtradeplus.un.org/TradeFlow,https://comtradeplus.un.org/TradeFlow,"HS 8703; China-reported exports, FOB",reported,reported,,,13913.518158716714,Customs value per reported item; not a retail price,,0.11699831465657429,False,False,0.43935381860438527,False,False,0.14203505954992868,False,False,0.5736306823130832,False,False
2023-10,WLD,World,World,555910.0,8389518045.0,comtrade_china,comtrade_china,FOB,https://comtradeplus.un.org/TradeFlow,https://comtradeplus.un.org/TradeFlow,"HS 8703; China-reported exports, FOB",reported,reported,,,15091.504101383318,Customs value per reported item; not a retail price,,0.051084153286493184,False,False,0.4636991242713231,False,False,0.14007403657890993,False,False,0.4771055312370922,False,False
2023-11,WLD,World,World,534040.01,7702744127.0,comtrade_china,comtrade_china,FOB,https://comtradeplus.un.org/TradeFlow,https://comtradeplus.un.org/TradeFlow,"HS 8703; China-reported exports, FOB",reported,reported,,,14423.533785418062,Customs value per reported item; not a retail price,,-0.03934088251695411,False,False,0.3799733070107212,False,False,-0.08186095009466066,False,False,0.3019928591809766,False,False
2023-12,WLD,World,World,458505.171,6690174714.0,comtrade_china,comtrade_china,FOB,https://comtradeplus.un.org/TradeFlow,https://comtradeplus.un.org/TradeFlow,"HS 8703; China-reported exports, FOB",reported,reported,,,14591.274291211867,Customs value per reported item; not a retail price,,-0.1414404119271888,False,False,0.33558551292022387,False,False,-0.13145567297902272,False,False,0.5633194320306076,False,False
2024-01,WLD,World,World,447343.079,6502242810.0,comtrade_china,comtrade_china,FOB,https://comtradeplus.un.org/TradeFlow,https://comtradeplus.un.org/TradeFlow,"HS 8703; China-reported exports, FOB",reported,reported,,,14535.24848207163,Customs value per reported item; not a retail price,,-0.02434452805767795,False,False,0.217432341446953,False,False,-0.028090731861864504,False,False,0.17763113844957523,False,False
2024-02,WLD,World,World,389198.0,5816568840.0,comtrade_china,comtrade_china,FOB,https://comtradeplus.un.org/TradeFlow,https://comtradeplus.un.org/TradeFlow,"HS 8703; China-reported exports, FOB",reported,reported,,,14945.012153197087,Customs value per reported item; not a retail price,,-0.12997871595550048,False,False,0.24602659302701313,False,False,-0.10545191713626578,False,False,0.09939113256720788,False,False
2024-03,WLD,World,World,489299.0,7310751997.0,comtrade_china,comtrade_china,FOB,https://comtradeplus.un.org/TradeFlow,https://comtradeplus.un.org/TradeFlow,"HS 8703; China-reported exports, FOB",reported,reported,,,14941.277208823234,Customs value per reported item; not a retail price,,0.25719813565331795,False,False,0.23665901445374282,False,False,0.25688394620633415,False,False,0.3698034061367894,False,False
2024-04,WLD,World,World,560750.0,8254962379.0,comtrade_china,comtrade_china,FOB,https://comtradeplus.un.org/TradeFlow,https://comtradeplus.un.org/TradeFlow,"HS 8703; China-reported exports, FOB",reported,reported,,,14721.288237182345,Customs value per reported item; not a retail price,,0.14602727575572394,False,False,0.3039636308672551,False,False,0.1291536605793031,False,False,0.3110359528387323,False,False
2024-05,WLD,World,World,594862.0,8145981648.0,comtrade_china,comtrade_china,FOB,https://comtradeplus.un.org/TradeFlow,https://comtradeplus.un.org/TradeFlow,"HS 8703; China-reported exports, FOB",reported,reported,,,13693.901523378532,Customs value per reported item; not a retail price,,0.0608328131966116,False,False,0.3308140406812059,False,False,-0.013201844659793793,False,False,0.23129949967777952,False,False
2024-06,WLD,World,World,525680.0,6701913370.0,comtrade_china,comtrade_china,FOB,https://comtradeplus.un.org/TradeFlow,https://comtradeplus.un.org/TradeFlow,"HS 8703; China-reported exports, FOB",reported,reported,,,12749.036238776442,Customs value per reported item; not a retail price,,-0.11629924251338963,False,False,0.23207553978698248,False,False,-0.17727369645554591,False,False,0.17975161012502094,False,False
2024-07,WLD,World,World,595106.006,7895180262.0,comtrade_china,comtrade_china,FOB,https://comtradeplus.un.org/TradeFlow,https://comtradeplus.un.org/TradeFlow,"HS 8703; China-reported exports, FOB",reported,reported,,,13266.846885090921,Customs value per reported item; not a retail price,,0.13206895069243663,False,False,0.2977316768940237,False,False,0.17804868939987517,False,False,0.24768705723749096,False,False
2024-08,WLD,World,World,653146.0,8533418299.0,comtrade_china,comtrade_china,FOB,https://comtradeplus.un.org/TradeFlow,https://comtradeplus.un.org/TradeFlow,"HS 8703; China-reported exports, FOB",reported,reported,,,13065.100756951739,Customs value per reported item; not a retail price,,0.09752883253542555,False,False,0.37941769061487585,False,False,0.0808389442444879,False,False,0.3243370046927292,False,False
2024-09,WLD,World,World,619532.0,8474596270.0,comtrade_china,comtrade_china,FOB,https://comtradeplus.un.org/TradeFlow,https://comtradeplus.un.org/TradeFlow,"HS 8703; China-reported exports, FOB",reported,reported,,,13679.0291219824,Customs value per reported item; not a retail price,,-0.051464756731266825,False,False,0.17137714315966202,False,False,-0.006893137889055878,False,False,0.1516355440314776,False,False
2024-10,WLD,World,World,601345.653,8262883217.0,comtrade_china,comtrade_china,FOB,https://comtradeplus.un.org/TradeFlow,https://comtradeplus.un.org/TradeFlow,"HS 8703; China-reported exports, FOB",reported,reported,,,13740.655105392438,Customs value per reported item; not a retail price,,-0.02935497601415249,False,False,0.0817320303646274,False,False,-0.02498208129978563,False,False,-0.01509441034881287,False,False
2024-11,WLD,World,World,575923.0,6862185576.0,comtrade_china,comtrade_china,FOB,https://comtradeplus.un.org/TradeFlow,https://comtradeplus.un.org/TradeFlow,"HS 8703; China-reported exports, FOB",reported,reported,,,11915.109443449906,Customs value per reported item; not a retail price,,-0.042276273010657395,False,False,0.07842668941602327,False,False,-0.1695168144356941,False,False,-0.10912455835753865,False,False
2024-12,WLD,World,World,576799.0,7459869230.0,comtrade_china,comtrade_china,FOB,https://comtradeplus.un.org/TradeFlow,https://comtradeplus.un.org/TradeFlow,"HS 8703; China-reported exports, FOB",reported,reported,,,12933.221503504687,Customs value per reported item; not a retail price,,0.0015210366663598318,False,False,0.25799889833739753,False,False,0.08709814786856773,False,False,0.11504849258858973,False,False
2025-01,WLD,World,World,380000,7186780426.0,cpca,gacc_portal,FOB,https://www.cada.cn/Trends/info_91_10129.html,https://chinadata.live/china-trade/hs/8703/,Passenger vehicles including complete vehicles and CKD kits; industry scope differs from HS 8703,reported,reported,,,,Not calculated across different customs and industry scopes,False,-0.341191645616584,False,True,-0.15054011599003636,False,True,-0.03660771999886647,False,True,0.10527715374566271,False,True
2025-02,WLD,World,World,349000,5345322731.0,cpca,gacc_portal,FOB,https://www.cada.cn/Trends/info_91_10212.html,https://chinadata.live/china-trade/hs/8703/,Passenger vehicles including complete vehicles and CKD kits; industry scope differs from HS 8703,reported,reported,,,,Not calculated across different customs and industry scopes,False,-0.08157894736842108,False,False,-0.10328418953848684,False,True,-0.2562284619602486,False,False,-0.08101788562344259,False,True
2025-03,WLD,World,World,391000,7065449473.0,cpca,gacc_portal,FOB,https://www.cada.cn/Trends/info_91_10234.html,https://chinadata.live/china-trade/hs/8703/,Passenger vehicles including complete vehicles and CKD kits; industry scope differs from HS 8703,reported,reported,,,,Not calculated across different customs and industry scopes,False,0.12034383954154726,False,False,-0.2008976106634185,False,True,0.3218003530496276,False,False,-0.03355366508132962,False,True
2025-04,WLD,World,World,423000,8495872731.0,cpca,gacc_portal,FOB,https://www.cada.cn/Trends/info_91_10246.html,https://chinadata.live/china-trade/hs/8703/,Passenger vehicles including complete vehicles and CKD kits; industry scope differs from HS 8703,reported,reported,,,,Not calculated across different customs and industry scopes,False,0.08184143222506401,False,False,-0.24565314311190367,False,True,0.20245325700314432,False,False,0.029183700777711374,False,True
2025-05,WLD,World,World,448000,9245877547.0,cpca,gacc_portal,FOB,https://www.cada.cn/Trends/info_91_10267.html,https://chinadata.live/china-trade/hs/8703/,Passenger vehicles including complete vehicles and CKD kits; industry scope differs from HS 8703,reported,reported,,,,Not calculated across different customs and industry scopes,False,0.05910165484633567,False,False,-0.24688415128214614,False,True,0.08827872541726745,False,False,0.13502312508524317,False,True
2025-06,WLD,World,World,480000,8126668163.0,cpca,gacc_portal,FOB,https://www.cada.cn/Trends/info_91_10280.html,https://chinadata.live/china-trade/hs/8703/,Passenger vehicles including complete vehicles and CKD kits; industry scope differs from HS 8703,reported,reported,,,,Not calculated across different customs and industry scopes,False,0.0714285714285714,False,False,-0.08689697154162224,False,True,-0.12104955730926248,False,False,0.2125892583717477,False,True
2025-07,WLD,World,World,475000,9188295750.0,cpca,gacc_portal,FOB,https://www.cada.cn/Trends/info_91_10306.html,https://chinadata.live/china-trade/hs/8703/,Passenger vehicles including complete vehicles and CKD kits; industry scope differs from HS 8703,reported,reported,,,,Not calculated across different customs and industry scopes,False,-0.01041666666666663,False,False,-0.2018228765783957,False,True,0.13063503587281877,False,False,0.1637854292224139,False,True
2025-08,WLD,World,World,499000,10201380490.0,cpca,gacc_portal,FOB,https://npo00410y.npoall.com/news/itemid-183478.html,https://chinadata.live/china-trade/hs/8703/,Passenger vehicles including complete vehicles and CKD kits; industry scope differs from HS 8703,reported,reported,,,,Not calculated across different customs and industry scopes,False,0.05052631578947375,False,False,-0.23600542604563146,False,True,0.1102581770944846,False,False,0.19546237305576164,False,True
2025-09,WLD,World,World,528000,9981633049.0,cpca,gacc_portal,FOB,https://www.cada.cn/Trends/info_91_10339.html,https://chinadata.live/china-trade/hs/8703/,Passenger vehicles including complete vehicles and CKD kits; industry scope differs from HS 8703,reported,reported,,,,Not calculated across different customs and industry scopes,False,0.05811623246492981,False,False,-0.14774378078937,False,True,-0.021540951365887184,False,False,0.17782992026828426,False,True
2025-10,WLD,World,World,568000,11228152770.0,cpca,gacc_portal,FOB,https://www.cada.cn/Trends/info_91_10369.html,https://chinadata.live/china-trade/hs/8703/,Passenger vehicles including complete vehicles and CKD kits; industry scope differs from HS 8703,reported,reported,,,,Not calculated across different customs and industry scopes,False,0.07575757575757569,False,False,-0.05545172370274043,False,True,0.12488134104718274,False,False,0.35886620627764354,False,True
2025-11,WLD,World,World,601000,11063639632.0,cpca,gacc_portal,FOB,https://www.cada.cn/Trends/info_91_10398.html,https://chinadata.live/china-trade/hs/8703/,Passenger vehicles including complete vehicles and CKD kits; industry scope differs from HS 8703,reported,reported,,,,Not calculated across different customs and industry scopes,False,0.05809859154929575,False,False,0.04354227908939223,False,True,-0.014651843573018963,False,False,0.6122617946524622,False,True
2025-12,WLD,World,World,588000,13270365882.0,cpca,gacc_portal,FOB,https://www.cada.cn/Trends/info_91_10424.html,https://chinadata.live/china-trade/hs/8703/,Passenger vehicles including complete vehicles and CKD kits; industry scope differs from HS 8703,reported,reported,,,,Not calculated across different customs and industry scopes,False,-0.021630615640598982,False,False,0.019419243098549144,False,True,0.1994575314634579,False,False,0.7789006044010773,False,True
2026-01,WLD,World,World,576000,11125953887.0,cpca,gacc_portal,FOB,https://www.cada.cn/Trends/info_91_10447.html,https://chinadata.live/china-trade/hs/8703/,Passenger vehicles including complete vehicles and CKD kits; industry scope differs from HS 8703,reported,reported,,,,Not calculated across different customs and industry scopes,False,-0.020408163265306145,False,False,0.5157894736842106,False,False,-0.16159403697442076,False,False,0.5481137905297679,False,False
2026-02,WLD,World,World,555000,9752440755.0,cpca,gacc_portal,FOB,https://www.cada.cn/Trends/info_91_10455.html,https://chinadata.live/china-trade/hs/8703/,Passenger vehicles including complete vehicles and CKD kits; industry scope differs from HS 8703,reported,reported,,,,Not calculated across different customs and industry scopes,False,-0.03645833333333337,False,False,0.5902578796561604,False,False,-0.123451269522595,False,False,0.8244811858489074,False,False
2026-03,WLD,World,World,695000,10527503016.0,cpca,gacc_portal,FOB,https://www.cada.cn/Trends/info_91_10473.html,https://chinadata.live/china-trade/hs/8703/,Passenger vehicles including complete vehicles and CKD kits; industry scope differs from HS 8703,reported,reported,,,,Not calculated across different customs and industry scopes,False,0.25225225225225234,False,False,0.7774936061381075,False,False,0.07947367028121977,False,False,0.4899976365594201,False,False
2026-04,WLD,World,World,769000,12970145088.0,cpca,gacc_portal,FOB,https://www.cada.cn/Trends/info_91_10496.html,https://chinadata.live/china-trade/hs/8703/,Passenger vehicles including complete vehicles and CKD kits; industry scope differs from HS 8703,reported,reported,,,,Not calculated across different customs and industry scopes,False,0.10647482014388499,False,False,0.8179669030732861,False,False,0.23202482756714504,False,False,0.5266406993920869,False,False
2026-05,WLD,World,World,784000,13592536727.0,cpca,gacc_portal,FOB,https://www.cada.cn/Trends/info_91_10514.html,https://chinadata.live/china-trade/hs/8703/,Passenger vehicles including complete vehicles and CKD kits; industry scope differs from HS 8703,reported,reported,,,,Not calculated across different customs and industry scopes,False,0.01950585175552666,False,False,0.75,False,False,0.04798648240071257,False,False,0.4701186185848152,False,False
2026-06,WLD,World,World,877000,14907663505.0,cpca,gacc_portal,FOB,https://www.cada.cn/Trends/info_91_10533.html,https://chinadata.live/china-trade/hs/8703/,Passenger vehicles including complete vehicles and CKD kits; industry scope differs from HS 8703,reported,reported,,,,Not calculated across different customs and industry scopes,False,0.11862244897959173,False,False,0.8270833333333334,False,False,0.09675359385916926,False,False,0.8344127268384443,False,False
2026-07,WLD,World,World,918000,15628712208.0,cpca,gacc_portal,FOB,https://www.cada.cn/Trends/info_91_10550.html,https://chinadata.live/china-trade/hs/8703/,Passenger vehicles including complete vehicles and CKD kits; industry scope differs from HS 8703,reported,reported,,,,Not calculated across different customs and industry scopes,False,0.046750285062713726,False,False,0.9326315789473685,False,False,0.04836765350641037,False,False,0.7009369999871848,False,False
2026-08,WLD,World,World,888000,10420969292.0,cpca,gacc_portal,FOB,https://www.cada.cn/Trends/info_91_10566.html,https://chinadata.live/china-trade/hs/8703/,Passenger vehicles including complete vehicles and CKD kits; industry scope differs from HS 8703,reported,reported,,,,Not calculated across different customs and industry scopes,False,-0.0326797385620915,False,False,0.779559118236473,False,False,-0.33321638063910786,False,False,0.021525400627420366,False,False
