observed_at,source_date,local,market,city_label,project,openings,weekly_hours,base_hourly,incentive_hourly,per_diem_daily,ot_multiplier,confidence,stress_score,source_url,source_text
2026-09-04T22:40:04.213535+00:00,2026-08-31,8,"Toledo, Oh","Toledo, Oh",Unclassified data center,2,60.0,,,,,1.0,31.0,https://where2bro.com/hot-spots/,"2 – MJ ELECTRIC – BEECHER SOLAR, BRITTON MI, 6-10’S, NMA, BACKGROUND CHECK, DIRECT DEPOSIT, SAFETY TOE, DRIVERS LICENSE, OUTDOOR WORK, RELIABLE DRUG TESTING, DIRECT DEPOSIT, REPORT TO JOB 8/31 AT 7AM 8 – LAKE ERIE – PROJECT ACCORDIAN DATA CENTER, BOWLING GREEN OH, 6-10’S, PLA, INDOOR/OUTDOOR WORK, OSHA 10 WITHIN 3 YEARS, DIRECT DEPOSIT, 2 FORMS OF ID, RELIABLE DRUG TESTING, 6AM-4:30PM, REPORT TO JOB 8/31 AT 6AM"
2026-09-04T22:40:04.213535+00:00,2026-08-31,8,"Toledo, Oh","Toledo, Oh",Unclassified data center,8,60.0,,,,,1.0,42.0,https://where2bro.com/hot-spots/,"8 – LAKE ERIE – PROJECT ACCORDIAN DATA CENTER, BOWLING GREEN OH, 6-10’S, PLA, INDOOR/OUTDOOR WORK, OSHA 10 WITHIN 3 YEARS, DIRECT DEPOSIT, 2 FORMS OF ID, RELIABLE DRUG TESTING, 6AM-4:30PM, REPORT TO JOB 8/31 AT 6AM RESIDENTAL:"
2026-09-04T22:40:04.213535+00:00,2026-08-31,20,Dallas–Fort Worth,"Dallas/Ft Worth, Tx",Unclassified data center,4,40.0,,,,,1.0,16.1,https://where2bro.com/hot-spots/,"4 – MORELY MOSS ELECTRIC – BANK OF AMERICA 4200 AMON CARTER BLVD IN FORT WORTH WORKING 5-8’s 6AM SCATTERED OVERTIME – DRUG TESTING MUST BE COMPLETED BEFORE ORIENTATION. BACKGROUND CHECK. ORIENTATION 9/8 AT 8:30AM. AFTER YOU TAKE THE CALL, EXPECT A 4-DAY SECURITY CLEARANCE. YOU WILL WORK ON ANOTHER PROJECT, ONCE CLEARED YOU WILL REPORT TO THE BANK OF AMERICA JOB – HIGH LEVEL CE2 2 – ALTERMAN ELECTRIC – STREAM DATA CENTER IN LANCASTER WORKING 5-10’s 1-8 6AM SCATTERED OVERTIME – DRUG TEST AND BACKGROUND CHECK. ORIENTATION 9/1. $50/ DAY INCENTIVE FOR FULL DAYS WORKED – HIGH LEVEL CE2"
2026-09-04T22:40:04.213535+00:00,2026-08-31,20,Dallas–Fort Worth,"Dallas/Ft Worth, Tx",Unclassified data center,2,50.0,,,,,1.0,21.0,https://where2bro.com/hot-spots/,2 – ALTERMAN ELECTRIC – STREAM DATA CENTER IN LANCASTER WORKING 5-10’s 1-8 6AM SCATTERED OVERTIME – DRUG TEST AND BACKGROUND CHECK. ORIENTATION 9/1. $50/ DAY INCENTIVE FOR FULL DAYS WORKED – HIGH LEVEL CE2 1 – SOUTHLAND INDUSTRIES – MERCANTILE FACILITY IN HALTOM CITY WORKING 5-8’S 6AM SCATTERED OVERTIME – DRUG TEST AND BACKGROUND CHECK.ORIENTATION 9/8 @7AM – HIGH LEVEL CE3
2026-09-04T22:40:04.213535+00:00,2026-08-31,20,Dallas–Fort Worth,"Dallas/Ft Worth, Tx",DataBank,1,40.0,,,,2.0,0.95,16.9,https://where2bro.com/hot-spots/,"1 – SOUTHLAND INDUSTRIES – MERCANTILE FACILITY IN HALTOM CITY WORKING 5-8’S 6AM SCATTERED OVERTIME – DRUG TEST AND BACKGROUND CHECK.ORIENTATION 9/8 @7AM – HIGH LEVEL CE3 3 – ALMAN CONSTRUCTION SERVICES – RED OAK DATABANK WORKING 4-12’S 1-8 5AM – DRUG TEST, ORIENTATION RIGHT AFTER DISPATCH. AS AN INCENTIVE ALL OVERTIME HOURS WILL BE PAID AT DOUBLE TIME RATE – 3 MID LEVEL CE2 TO HIGH LEVEL CE3"
2026-09-04T22:40:04.213535+00:00,2026-08-31,20,Dallas–Fort Worth,"Dallas/Ft Worth, Tx",DataBank,3,48.0,,,,2.0,0.95,31.9,https://where2bro.com/hot-spots/,"3 – ALMAN CONSTRUCTION SERVICES – RED OAK DATABANK WORKING 4-12’S 1-8 5AM – DRUG TEST, ORIENTATION RIGHT AFTER DISPATCH. AS AN INCENTIVE ALL OVERTIME HOURS WILL BE PAID AT DOUBLE TIME RATE – 3 MID LEVEL CE2 TO HIGH LEVEL CE3 15 – FISK ELECTRIC – NPC DALLAS WORKING 5-8’S 6AM SCATTERD OVERTIME – ORIENTATION 8/25 7:30AM. DRUG TEST AND BACKGROUND CHECK. CONDUIT BENDING SKILLS REQUIRED – 1 LOW LEVEL CW3 TO MID LEVEL CW5 AND 14 MID LEVEL CE1 TO HIGH LEVEL CE2-CE3"
2026-09-04T22:40:04.213535+00:00,2026-08-31,20,Dallas–Fort Worth,"Dallas/Ft Worth, Tx",DataBank,1,40.0,,,,2.0,0.95,16.9,https://where2bro.com/hot-spots/,1 – FISK ELECTRIC – NEW CHILDREN’S MEDICAL CENTER IN DALLAS WORKING 5-8’S 6AM – ORIENTATION 8/18 7:30AM. DRUG TEST AND BACKGROUND CHECK – HIGH LEVEL CE2 TO CE3 10 – MORELY MOSS ELECTRIC – DATABANK RED OAK DFW11 WORKING 5-10S 5AM – DRUG TESTING MUST BE COMPLETED BEFORE ORIENTATION. MUST BE ABLE TO PASS A BACKGROUND CHECK. ORIENTATION 9/8 AT 8:30AM. AS AN INCENTIVE ALL OVERTIME WILL BE PAID AT DOUBLE TIME RATE – MID LEVEL CE1 TO HIGH LEVEL CE3
2026-09-04T22:40:04.213535+00:00,2026-08-31,20,Dallas–Fort Worth,"Dallas/Ft Worth, Tx",QTS,10,50.0,,,,2.0,0.95,44.0,https://where2bro.com/hot-spots/,10 – MORELY MOSS ELECTRIC – DATABANK RED OAK DFW11 WORKING 5-10S 5AM – DRUG TESTING MUST BE COMPLETED BEFORE ORIENTATION. MUST BE ABLE TO PASS A BACKGROUND CHECK. ORIENTATION 9/8 AT 8:30AM. AS AN INCENTIVE ALL OVERTIME WILL BE PAID AT DOUBLE TIME RATE – MID LEVEL CE1 TO HIGH LEVEL CE3 21 – MORELY MOSS ELECTRIC – QTS LANCASTER WORKING 4-12’S & 1-8’S 5AM START – DRUG TESTING WILL NEED TO BE COMPLETED BEFORE ORIENTATION. BACKGROUND CHECK. ORIENTATION 9/8. AS AN INCENTIVE ALL OVERTIME WILL BE PAID AT DOUBLE TIME RATE – MID LEVEL CE1 TO HIGH LEVEL CE3
2026-09-04T22:40:04.213535+00:00,2026-08-31,20,Dallas–Fort Worth,"Dallas/Ft Worth, Tx",QTS,21,48.0,,,,2.0,0.95,48.9,https://where2bro.com/hot-spots/,21 – MORELY MOSS ELECTRIC – QTS LANCASTER WORKING 4-12’S & 1-8’S 5AM START – DRUG TESTING WILL NEED TO BE COMPLETED BEFORE ORIENTATION. BACKGROUND CHECK. ORIENTATION 9/8. AS AN INCENTIVE ALL OVERTIME WILL BE PAID AT DOUBLE TIME RATE – MID LEVEL CE1 TO HIGH LEVEL CE3 TELEDATA:
2026-09-04T22:40:04.213535+00:00,2026-08-31,82,"Dayton, Oh","Dayton, Oh",Google,2,,,,,,0.85,11.0,https://where2bro.com/hot-spots/,2 – CAPITAL – REG CALL DRUG TEST BACKGROUND CHECK OSHA 10 REQUIRED 2 FORMS OF ID REPORT TO SHOP TUE SEPT 8TH 7AM WORKING 5-10 & 1-8 AT GOOGLE NRD 1 – CAPITAL – REG CALL DRUG TEST 2 FORMS OF ID REPORT TO THE SHOP TUE SEPT 8TH 7AM WORKING 5-10 W/ POSS SAT IN PREFAB
2026-09-04T22:40:04.213535+00:00,2026-08-31,291,"Boise, Id","Boise, Id",Unclassified data center,2,60.0,,65.33,,,0.9,51.0,https://where2bro.com/hot-spots/,"2 – VECA ELECTRIC – META 3&5 THIS IS NOT A PLA JOB.VALID DRIVER’S LICENSE, DRUG AND ALCOHOL TEST TO BE HELD AT ORIENTATION. THIS IS A SWING SHIFT CALL. $65.33, INCENTIVE PROGRAM WITH ADDITIONAL OT PREMIUM PAY MOU WITH META AND LOCAL 291 EFFECTIVE 4/13/26CURRENTLY WORKING 5-12’S BASED ON 5-8’S SCHEDULE. 2:30PM TO 3:00AM. WILL WORK THE FIRST WEEK AT DAYS THEN MOVE TO SWING STARTING 9/8.SAFETY TOES BOOTS ABOVE THE ANKLE ARE REQUIRED (COMPOSITE OR STEEL TOES).SOME WORK IS OUTDOORS PLEASE DRESS FOR WEATHER CONDITIONS.LIMITED CELL PHONE USE.PAPERWORK WILL BE STARTED AT THE OFF SITE WAREHOUSE ON TUESDAY 9/1 AT 10AM.PLEASE BRING I9 DOCS AND VOIDED CHECK OR DIRECT DEPOSIT FORM, CAN’T BE HAND WRITTEN, PLEASE PROVIDE A VALID EMAIL TO START ON BOARDING PROCESS.2 HOURS WILL BE PAID FOR PAPERWORK ON TUESDAY 9/1.SITE ORIENTATION WILL BE HELD WEDNESDAY 9/2, 6 AM AT THE META SITE 6990 KUNA MORA RD AT THE"
2026-09-04T22:40:04.213535+00:00,2026-08-31,291,"Boise, Id","Boise, Id",Unclassified data center,4,60.0,,65.33,,,0.9,56.1,https://where2bro.com/hot-spots/,"4 – VECA ELECTRIC – META 3&5 THIS IS NOT A PLA JOB.VALID DRIVER’S LICENSE, DRUG AND ALCOHOL TEST TO BE HELD AT ORIENTATION. THIS IS A SWING SHIFT CALL. $65.33, INCENTIVE PROGRAM WITH ADDITIONAL OT PREMIUM PAY MOU WITH META AND LOCAL 291 EFFECTIVE 4/13/26CURRENTLY WORKING 5-12’S BASED ON 5-8’S SCHEDULE. 2:30PM TO 3:00AM. WILL WORK THE FIRST WEEK AT DAYS THEN MOVE TO SWING STARTING 9/8.SAFETY TOES BOOTS ABOVE THE ANKLE ARE REQUIRED (COMPOSITE OR STEEL TOES).SOME WORK IS OUTDOORS PLEASE DRESS FOR WEATHER CONDITIONS.LIMITED CELL PHONE USE.PAPERWORK WILL BE STARTED AT THE OFF SITE WAREHOUSE ON TUESDAY 9/1 AT 10AM.PLEASE BRING I9 DOCS AND VOIDED CHECK OR DIRECT DEPOSIT FORM, CAN’T BE HAND WRITTEN, PLEASE PROVIDE A VALID EMAIL TO START ON BOARDING PROCESS.2 HOURS WILL BE PAID FOR PAPERWORK ON TUESDAY 9/1.SITE ORIENTATION WILL BE HELD WEDNESDAY 9/2, 6 AM AT THE META SITE 6990 KUNA MORA RD AT THE"
2026-09-04T22:40:04.213535+00:00,2026-08-31,354,Salt Lake City,"Salt Lake City, Ut",Unclassified data center,10,,,,,,0.9,24.0,https://where2bro.com/hot-spots/,10 – CACHE VALLEY ELECTRIC – REG JW CALL WORKING 5-DAY SCHEDULE WITH OT AND SOME SATURDAYS AT FACEBOOK. 1 – CACHE VALLEY ELECTRIC – REG JW CALL WORKING 5-DAY SCHEDULE WITH POSSIBLE OT IN THE SALT LAKE AREA. BACKGROUND CHECK REQUIRED. THIS CALL IS FOR AVTEC.
2026-09-04T22:40:04.213535+00:00,2026-08-31,354,Salt Lake City,"Salt Lake City, Ut",QTS,2,,,,,,0.95,11.0,https://where2bro.com/hot-spots/,2 – WASATCH ELECTRIC – REG JW CALL WORKING 5-DAY SCHEDULE WITH NO OT. SHOP CALL. REPORT TO SHOP FOR ORIENTATION. 4 – WASATCH ELECTRIC – REG JW CALL WORKING AT QTS FOR A 5_DAY SCHEDULE WITH OT PLUS A 225$ INCENTIVE ON EACH 10-HOUR DAY (8 HOURS STRAIGHT 2-OT) WORKED MONDAY THRU FRIDAY. 225$ INCENTIVE ON 8-HOUR OT SATURDAY.
2026-09-04T22:40:04.213535+00:00,2026-08-31,354,Salt Lake City,"Salt Lake City, Ut",QTS,4,,,,,,0.95,16.1,https://where2bro.com/hot-spots/,4 – WASATCH ELECTRIC – REG JW CALL WORKING AT QTS FOR A 5_DAY SCHEDULE WITH OT PLUS A 225$ INCENTIVE ON EACH 10-HOUR DAY (8 HOURS STRAIGHT 2-OT) WORKED MONDAY THRU FRIDAY. 225$ INCENTIVE ON 8-HOUR OT SATURDAY. 6 – WINWARD ELECTRICAL SERVICES– REG JW CALL FOR WORK IN SALT LAKE AND PARK CITY AREAS WORKING A 5 DAY SCHEDULE WITH POSSIBLE OT. REPORT MONDAY AUGUST 31ST AT 8 AM AT THE SHOP.
2026-09-04T22:40:04.213535+00:00,2026-08-31,401,Reno,"Reno, Nv",QTS,3,60.0,2.5,2.5,,,0.95,36.4,https://where2bro.com/hot-spots/,3 JW BASEPOINT BUILDING AUTOMATION – LONG CALLS FOR BUILDING AUTOMATION/CONTROL WORK. PAYING $2.50/HOUR OVER SCALE. DRUG SCREEN AND BACKGROUND CHECK. REPORT ASAP. 1 JW BURNS ELECTRIC – LONG CALLS FOR QTS EAST CAMPUS FOR DUCT BANK/TERMINATIONS. WORKING (6) 10S. JOURNEYMAN CLASS A REQUIRED. REPORT M-F AT 6AM TO ONBOARD.
2026-09-04T22:40:04.213535+00:00,2026-08-31,401,Reno,"Reno, Nv",QTS,1,60.0,,10.0,,2.0,1.0,46.9,https://where2bro.com/hot-spots/,"1 JW BURNS ELECTRIC – LONG CALLS FOR QTS EAST CAMPUS FOR DUCT BANK/TERMINATIONS. WORKING (6) 10S. JOURNEYMAN CLASS A REQUIRED. REPORT M-F AT 6AM TO ONBOARD. 50 JW CST – LONG CALLS FOR EWD DATA CENTER. CURRENTLY WORKING (6) 10S, STARTING AT 7AM. OSHA 10 OR 30, BACKGROUND CHECK, AND DRUG SCREEN ARE REQUIRED. REPORT TUESDAY OR THURSDAY AT 8AM FOR DRUG SCREEN/BACKGROUND CHECK, ORIENTATIONS ARE MWF. PAYING $10 OVER SCALE AND ALL OT AT DOUBLE TIME RATE. PAYING AN ADDITIONAL $2 OVER SCALE FOR FOREMAN AND GF."
2026-09-04T22:40:04.213535+00:00,2026-08-31,401,Reno,"Reno, Nv",QTS,50,60.0,,10.0,,2.0,1.0,79.3,https://where2bro.com/hot-spots/,"50 JW CST – LONG CALLS FOR EWD DATA CENTER. CURRENTLY WORKING (6) 10S, STARTING AT 7AM. OSHA 10 OR 30, BACKGROUND CHECK, AND DRUG SCREEN ARE REQUIRED. REPORT TUESDAY OR THURSDAY AT 8AM FOR DRUG SCREEN/BACKGROUND CHECK, ORIENTATIONS ARE MWF. PAYING $10 OVER SCALE AND ALL OT AT DOUBLE TIME RATE. PAYING AN ADDITIONAL $2 OVER SCALE FOR FOREMAN AND GF. 1 JW CUPERTINO – LONG CALL FOR QTS DATA CENTER TO RUN TRIMBLE. MUST HAVE LAYOUT AND COMPUTER SKILLS. OSHA 10 OR 30 AND JOURNEYMAN A ELECTRICAL LICENSE REQUIRED. CURRENTLY WORKING (5) 10S WITH SOME SATURDAYS, 7AM-530PM. ORIENTATIONS ARE M-THUR AT 7AM. PAYING $10 OVER SCALE AND ALL OT AT DOUBLE TIME RATE. PAYING $2 FOR FOREMAN AND GF."
2026-09-04T22:40:04.213535+00:00,2026-08-31,401,Reno,"Reno, Nv",QTS,1,50.0,,10.0,,2.0,1.0,36.9,https://where2bro.com/hot-spots/,"1 JW CUPERTINO – LONG CALL FOR QTS DATA CENTER TO RUN TRIMBLE. MUST HAVE LAYOUT AND COMPUTER SKILLS. OSHA 10 OR 30 AND JOURNEYMAN A ELECTRICAL LICENSE REQUIRED. CURRENTLY WORKING (5) 10S WITH SOME SATURDAYS, 7AM-530PM. ORIENTATIONS ARE M-THUR AT 7AM. PAYING $10 OVER SCALE AND ALL OT AT DOUBLE TIME RATE. PAYING $2 FOR FOREMAN AND GF. 9 JW CUPERTINO – LONG CALLS FOR QTS DATA CENTER. OSHA 10 OR 30 AND JOURNEYMAN A ELECTRICAL LICENSE REQUIRED. CURRENTLY WORKING (5) 10S WITH SOME SATURDAYS, 7AM-530PM. ORIENTATIONS ARE M-THUR AT 7AM. PAYING $10 OVER SCALE AND ALL OT AT DOUBLE TIME RATE. PAYING $2 FOR FOREMAN AND GF."
2026-09-04T22:40:04.213535+00:00,2026-08-31,401,Reno,"Reno, Nv",QTS,9,50.0,,10.0,,2.0,1.0,53.0,https://where2bro.com/hot-spots/,"9 JW CUPERTINO – LONG CALLS FOR QTS DATA CENTER. OSHA 10 OR 30 AND JOURNEYMAN A ELECTRICAL LICENSE REQUIRED. CURRENTLY WORKING (5) 10S WITH SOME SATURDAYS, 7AM-530PM. ORIENTATIONS ARE M-THUR AT 7AM. PAYING $10 OVER SCALE AND ALL OT AT DOUBLE TIME RATE. PAYING $2 FOR FOREMAN AND GF. 5 JW CUPERTINO – LONG CALLS FOR QTS DATA CENTER ON 2ND SHIFT (17.3% SHIFT DIFFERENTIAL). CURRENTLY WORKING (5) 10S WITH SOME SATURDAYS, 5PM-330AM. OSHA 10 OR 30 AND JOURNEYMAN A ELECTRICAL LICENSE REQUIRED. ORIENTATIONS ARE M-THUR AT 7AM. PAYING $10 OVER SCALE AND ALL OT AT DOUBLE TIME RATE. PAYING $2 FOR FOREMAN AND GF."
2026-09-04T22:40:04.213535+00:00,2026-08-31,401,Reno,"Reno, Nv",QTS,5,50.0,,10.0,,2.0,1.0,47.9,https://where2bro.com/hot-spots/,"5 JW CUPERTINO – LONG CALLS FOR QTS DATA CENTER ON 2ND SHIFT (17.3% SHIFT DIFFERENTIAL). CURRENTLY WORKING (5) 10S WITH SOME SATURDAYS, 5PM-330AM. OSHA 10 OR 30 AND JOURNEYMAN A ELECTRICAL LICENSE REQUIRED. ORIENTATIONS ARE M-THUR AT 7AM. PAYING $10 OVER SCALE AND ALL OT AT DOUBLE TIME RATE. PAYING $2 FOR FOREMAN AND GF. 1 JW DURGIN ELECTRIC – LONG CALL FOR SERVICE TRUCK WORK AND SMALL PROJECTS IN THE AREA. PAYING $5 OVER SCALE. REPORT ASAP."
2026-09-04T22:40:04.213535+00:00,2026-08-31,401,Reno,"Reno, Nv",QTS,1,50.0,,10.0,,2.0,1.0,36.9,https://where2bro.com/hot-spots/,1 JW STREFF ELECTRIC – LONG CALLS FOR COMMERCIAL WORK IN THE AREA. CURRENTLY HAVE WORK AT JEFFERSON AND IN TIFFIN. JOURNEYMAN CLASS A LICENSE REQUIRED. 1 JW THE BAKER GROUP – LONG CALLS FOR QTS DATA CENTER DOING CONTROL WORK. OSHA 10 OR 30 REQUIRED. CURRENTLY WORKING 5-10S AND 8 ON SATURDAY. ONBOARD TUESDAYS AND THURSDAYS AT 1PM. PAYING $10 OVER SCALE AND ALL OVERTIME AT THE DOUBLE TIME RATE.
2026-09-04T22:40:04.213535+00:00,2026-08-31,401,Reno,"Reno, Nv",QTS,1,50.0,,10.0,,2.0,1.0,36.9,https://where2bro.com/hot-spots/,"1 JW THE BAKER GROUP – LONG CALLS FOR QTS DATA CENTER DOING CONTROL WORK. OSHA 10 OR 30 REQUIRED. CURRENTLY WORKING 5-10S AND 8 ON SATURDAY. ONBOARD TUESDAYS AND THURSDAYS AT 1PM. PAYING $10 OVER SCALE AND ALL OVERTIME AT THE DOUBLE TIME RATE. 10 JW TRICITY ELECTRIC – LONG CALLS FOR QTS DATA CENTER. (5) 8 SCHEDULE CURRENTLY WORKING (6) 10S, STARTING AT 6AM. OSHA 10 OR 30 AND ELECTRICAL LICENSE REQUIRED. ORIENTATION IS ON TUESDAYS AND WEDNESDAYS AT 7AM. PAYING $10 OVER SCALE AND ALL OT AT DOUBLE TIME RATE."
2026-09-04T22:40:04.213535+00:00,2026-08-31,401,Reno,"Reno, Nv",QTS,10,60.0,,10.0,,2.0,1.0,64.0,https://where2bro.com/hot-spots/,"10 JW TRICITY ELECTRIC – LONG CALLS FOR QTS DATA CENTER. (5) 8 SCHEDULE CURRENTLY WORKING (6) 10S, STARTING AT 6AM. OSHA 10 OR 30 AND ELECTRICAL LICENSE REQUIRED. ORIENTATION IS ON TUESDAYS AND WEDNESDAYS AT 7AM. PAYING $10 OVER SCALE AND ALL OT AT DOUBLE TIME RATE. 2 JW TRI CITY ELECTRIC – LONG CALL FOR WORK IN IOWA CITY. STEEL TOE BOOTS REQUIRED."
2026-09-04T22:40:04.213535+00:00,2026-08-31,401,Reno,"Reno, Nv",QTS,2,50.0,,5.0,,2.0,1.0,36.0,https://where2bro.com/hot-spots/,"2 JW VAN ERT ELECTRIC – LONG CALLS FOR WORK AT PRAIRIE CREEK POWER HOUSE FOR THE NATURAL GAS UPGRADE. CURRENTLY WORKING (5) 10S, 7AM-530PM. PAYING $5 OVER SCALE. DRUG SCREEN REQUIRED. ONBOARDING MONDAYS AND WEDNESDAYS AT 7AM. 4 JW WESTPHAL – LONG CALLS FOR QTS DATA CENTER. CURRENTLY WORKING (5) 10S WITH SOME SATURDAYS, STARTING AT 6:45AM. PAYING ALL OT AT DOUBLE TIME RATE. ORIENTATIONS ARE ON SITE M-F."
2026-09-04T22:40:04.213535+00:00,2026-08-31,401,Reno,"Reno, Nv",QTS,4,50.0,,,,2.0,1.0,36.1,https://where2bro.com/hot-spots/,"4 JW WESTPHAL – LONG CALLS FOR QTS DATA CENTER. CURRENTLY WORKING (5) 10S WITH SOME SATURDAYS, STARTING AT 6:45AM. PAYING ALL OT AT DOUBLE TIME RATE. ORIENTATIONS ARE ON SITE M-F. VDV TECHNICIAN CALLS:"
2026-09-04T22:40:04.213535+00:00,2026-08-31,401,Reno,"Reno, Nv",EWD Data Center,4,,,,,,1.0,16.1,https://where2bro.com/hot-spots/,"4 JW CBRE – CBRE IS HIRING FOR MULTIPLE SHIFTS AT THE EWD DATA CENTER TO PROVIDE 24/7 COVERAGE WHEN THE FACILITY COMES ONLINE. 4 JW ON 1ST, 2 JW ON 2ND(17.3%), AND 2 JW ON 3RD(31.4%). ROTATING FROM M-F TO W-SUN. FOR MORE QUESTIONS AND TO VIEW THE CBRE AGREEMENT, CALL OR STOP BY THE HALL. ONBOARDING STARTS 7/6/26. THEIR SHIFT NEEDS ARE AS FOLLOWS: 2 JW MONDAY-FRIDAY 7AM-3:30PM"
2026-09-04T22:40:04.213535+00:00,2026-08-31,494,Milwaukee / SE Wisconsin,"Milwaukee, Wi",Unclassified data center,1,,10.0,,,,1.0,6.9,https://where2bro.com/hot-spots/,"1 – PRO ELECTRIC – MILWAUKEE INSIDE JW FOR A LONG CALL – SPECIAL SKILLS: NFPA 70E, SERVICE TRUCK EXPERIENCE, STREET LIGHTING AND TRAFFIC WIRING EXPERIENCE HELPFUL 5 – TRI CITY ELECTRIC – MILWAUKEE INSIDE JW FOR A LONG CALL – JOBSITE: PORT WASHINGTON DATA CENTER CURRENTLY PAYING JW WAGE PLUS $10/HR BASE WAGE INCREASE MUST HAVE A VALID WISCONSIN ELECTRICAL LICENSE SAFETY TOE BOOTS REQUIRED"
2026-09-04T22:40:04.213535+00:00,2026-08-31,494,Milwaukee / SE Wisconsin,"Milwaukee, Wi",Unclassified data center,5,,10.0,,,,1.0,17.9,https://where2bro.com/hot-spots/,5 – TRI CITY ELECTRIC – MILWAUKEE INSIDE JW FOR A LONG CALL – JOBSITE: PORT WASHINGTON DATA CENTER CURRENTLY PAYING JW WAGE PLUS $10/HR BASE WAGE INCREASE MUST HAVE A VALID WISCONSIN ELECTRICAL LICENSE SAFETY TOE BOOTS REQUIRED 8 – PIEPER ELECTRIC – MILWAUKEE INSIDE JW FOR A LONG CALL – SPECIAL SKILLS: SERVICE TRUCK EXPERIENCE FOREMAN PAY FOR SERVICE TRUCK DRIVER FOR INDUSTRIAL GROUP. MUST HAVE VALID WISCONSIN JW LICENSE AND VALID DRIVER’S LICENSE THIS CALL REQUIRES A DRUG TEST
2026-09-04T22:40:04.213535+00:00,2026-08-31,494,Milwaukee / SE Wisconsin,"Milwaukee, Wi",Microsoft,3,,10.0,,,,1.0,13.9,https://where2bro.com/hot-spots/,"3 – UIHLEIN ELECTRIC –MILWAUKEE INSIDE JW FOR A LONG CALL – JOBSITE: MICROSOFT DATA CENTER, MOUNT PLEASANT (5124 90TH ST. MOUNT PLEASANT) CURRENTLY PAYING JW WAGE PLUS $10/HR BASE WAGE INCREASE CURRENTLY WORKING 58 HOURS PER WEEK MUST HAVE A VALID WISCONSIN JW LICENSE OR RECIPROCAL STATE LICENSE"
2026-09-04T22:40:04.213535+00:00,2026-08-31,494,Milwaukee / SE Wisconsin,"Milwaukee, Wi",Unclassified data center,15,,,,,,1.0,27.7,https://where2bro.com/hot-spots/,"15 – GURTZ ELECTRIC – MILWAUKEE INSIDE JW FOR A LONG CALL – JOBSITE: PORT WASHINGTON DATA CENTER MUST HAVE A VALID WISCONSIN ELECTRICAL LICENSE 50-58 HOURS PER WEEK, SAFETY TOE BOOTS REQUIRED – MUST HAVE PHYSICAL COPY OF THE FOLLOWING: PASSPORT OR TWO FORMS OF GOVERNMENT ID (IE. DRIVERS LICENSE PLUS SOCIAL SECURITY CARD OR BIRTH CERTIFICATE) THIS CALL REQUIRES A COMPLETED AND PASSED DRUG TEST PRIOR TO BEING PERMITTED ACCESS TO THE JOBSITE. 7 – STAFF ELECTRIC – MILWAUKEE INSIDE JW FOR A LONG CALL –"
2026-09-04T22:40:04.213535+00:00,2026-08-31,494,Milwaukee / SE Wisconsin,"Milwaukee, Wi",Unclassified data center,7,,10.0,,,,1.0,20.8,https://where2bro.com/hot-spots/,7 – STAFF ELECTRIC – MILWAUKEE INSIDE JW FOR A LONG CALL – JOBSITE: PORT WASHINGTON DATA CENTER CURRENTLY PAYING JW WAGE PLUS $10/HR BASE WAGE INCREASE MUST HAVE A VALID WISCONSIN ELECTRICAL LICENSE CURRENTLY WORKING 50+ HOURS PER WEEK MUST HAVE PHYSICAL COPY OF THE FOLLOWING: PASSPORT OR TWO FORMS OF GOVERNMENT ID (IE. DRIVER’S LICENSE PLUS SOCIAL SECURITY CARD OR BIRTH CERTIFICATE) THIS CALL REQUIRES A COMPLETED AND PASSED DRUG TEST PRIOR TO BEING PERMITTED ACCESS TO THE JOBSITE
2026-09-04T22:40:04.213535+00:00,2026-08-31,494,Milwaukee / SE Wisconsin,"Milwaukee, Wi",Unclassified data center,30,,,,,,1.0,34.3,https://where2bro.com/hot-spots/,"30 – CUPERTINO ELECTRIC – MILWAUKEE INSIDE JW FOR A LONG CALL – JOBSITE: PORT WASHINGTON DATA CENTER MUST HAVE VALID WISCONSIN ELECTRICAL LICENSE 50-58 HOURS PER WEEK, SAFETY TOE BOOTS REQUIRED MUST HAVE PHYSICAL COPY OF THE FOLLOWING: PASSPORT OR TWO FORMS OF GOVERNMENT ID (IE. DRIVERS LICENSE PLUS SOCIAL SECURITY CARD OR BIRTH CERTIFICATE) THIS CALL REQUIRES A COMPLETED AND PASSED DRUG TEST PRIOR TO BEING PERMITTED ACCESS TO THE JOBSITE. 4 – PIEPER ELECTRIC – MILWAUKEE INSIDE JW FOR A LONG CALL – HEALTHCARE EXPERIENCE PREFERRED OVERTIME OPPORTUNITIES AVAILABLE THIS CALL REQUIRES A DRUG TEST"
2026-09-04T22:40:04.213535+00:00,2026-08-31,494,Milwaukee / SE Wisconsin,"Milwaukee, Wi",Unclassified data center,1,,10.0,,,,1.0,6.9,https://where2bro.com/hot-spots/,1 – LEE MECHANICAL – SOUND AND COMM C-TECH’S FOR A LONG CALL – SPECIAL SKILLS: OSHA 30 VARIOUS JOBSITES – THIS CALL REQUIRES A DRUG TEST 5 – PIEPER ELECTRIC – MILWAUKEE INSIDE JW FOR A LONG CALL – JOBSITE: PORT WASHINGTON DATA CENTER CURRENTLY PAYING JW WAGE PLUS $10/HR BASE WAGE INCREASE WORKING 50+ HOURS PER WEEK MUST HAVE PHYSICAL COPY OF THE FOLLOWING: PASSPORT OR TWO FORMS OF GOVERNMENT ID (IE. DRIVER’S LICENSE PLUS SOCIAL SECURITY CARD OR BIRTH CERTIFICATE) THIS CALL REQUIRES A DRUG TEST
2026-09-04T22:40:04.213535+00:00,2026-08-31,494,Milwaukee / SE Wisconsin,"Milwaukee, Wi",Unclassified data center,5,,10.0,,,,1.0,17.9,https://where2bro.com/hot-spots/,"5 – PIEPER ELECTRIC – MILWAUKEE INSIDE JW FOR A LONG CALL – JOBSITE: PORT WASHINGTON DATA CENTER CURRENTLY PAYING JW WAGE PLUS $10/HR BASE WAGE INCREASE WORKING 50+ HOURS PER WEEK MUST HAVE PHYSICAL COPY OF THE FOLLOWING: PASSPORT OR TWO FORMS OF GOVERNMENT ID (IE. DRIVER’S LICENSE PLUS SOCIAL SECURITY CARD OR BIRTH CERTIFICATE) THIS CALL REQUIRES A DRUG TEST 3 – UIHLEIN ELECTRIC –MILWAUKEE INSIDE JW FOR A LONG CALL – JOBSITE: PORT WASHINGTON DATA CENTER CURRENTLY PAYING JW WAGE PLUS $10/HR BASE WAGE INCREASE MUST HAVE A VALID WISCONSIN ELECTRICAL LICENSE 50-58 HOURS PER WEEK, SAFETY TOE BOOTS REQUIRED MUST HAVE PHYSICAL COPY OF THE FOLLOWING: PASSPORT OR TWO FORMS OF GOVERNMENT ID (IE. DRIVERS LICENSE PLUS SOCIAL SECURITY CARD OR BIRTH CERTIFICATE) THE CUSTOMER REQUIRES A COMPLETED AND PASSED DRUG TEST PRIOR TO BEING PERMITTED ACCESS TO THE JOBSITE."
2026-09-04T22:40:04.213535+00:00,2026-08-31,494,Milwaukee / SE Wisconsin,"Milwaukee, Wi",Unclassified data center,3,,10.0,,,,1.0,13.9,https://where2bro.com/hot-spots/,"3 – UIHLEIN ELECTRIC –MILWAUKEE INSIDE JW FOR A LONG CALL – JOBSITE: PORT WASHINGTON DATA CENTER CURRENTLY PAYING JW WAGE PLUS $10/HR BASE WAGE INCREASE MUST HAVE A VALID WISCONSIN ELECTRICAL LICENSE 50-58 HOURS PER WEEK, SAFETY TOE BOOTS REQUIRED MUST HAVE PHYSICAL COPY OF THE FOLLOWING: PASSPORT OR TWO FORMS OF GOVERNMENT ID (IE. DRIVERS LICENSE PLUS SOCIAL SECURITY CARD OR BIRTH CERTIFICATE) THE CUSTOMER REQUIRES A COMPLETED AND PASSED DRUG TEST PRIOR TO BEING PERMITTED ACCESS TO THE JOBSITE. 6 – WIL-SURGE ELECTRIC – MILWAUKEE INSIDE JW FOR A LONG CALL – JOBSITE: WEST ALLIS DEPT OF PUBLIC WORKS – CURRENTLY PAYING JW WAGE PLUS $3/HR BASE WAGE INCREASE"
2026-09-04T22:40:04.213535+00:00,2026-08-31,494,Milwaukee / SE Wisconsin,"Milwaukee, Wi",Unclassified data center,2,,10.0,,,,1.0,11.0,https://where2bro.com/hot-spots/,"2 – KONZ ELECTRIC – KETTLE MORAINE INSIDE JW’S FOR A LONG CALL – JOBSITE: N6085 STATE HWY 32, SHEBOYGAN FALLS, WI 53085 13 – MJ ELECTRIC – MILWAUKEE INSIDE JW FOR A LONG CALL – JOBSITE: PORT WASHINGTON DATA CENTER CURRENTLY PAYING JW WAGE PLUS $10/HR BASE WAGE INCREASE MUST HAVE A VALID WISCONSIN ELECTRICAL LICENSE 50-58 HOURS PER WEEK, SAFETY TOE BOOTS REQUIRED MUST HAVE PHYSICAL COPY OF THE FOLLOWING: PASSPORT OR TWO FORMS OF GOVERNMENT ID (IE. DRIVERS LICENSE PLUS SOCIAL SECURITY CARD OR BIRTH CERTIFICATE) THIS CALL REQUIRES A COMPLETED AND PASSED DRUG TEST PRIOR TO BEING PERMITTED ACCESS TO THE JOBSITE."
2026-09-04T22:40:04.213535+00:00,2026-08-31,494,Milwaukee / SE Wisconsin,"Milwaukee, Wi",Unclassified data center,13,,10.0,,,,1.0,26.4,https://where2bro.com/hot-spots/,"13 – MJ ELECTRIC – MILWAUKEE INSIDE JW FOR A LONG CALL – JOBSITE: PORT WASHINGTON DATA CENTER CURRENTLY PAYING JW WAGE PLUS $10/HR BASE WAGE INCREASE MUST HAVE A VALID WISCONSIN ELECTRICAL LICENSE 50-58 HOURS PER WEEK, SAFETY TOE BOOTS REQUIRED MUST HAVE PHYSICAL COPY OF THE FOLLOWING: PASSPORT OR TWO FORMS OF GOVERNMENT ID (IE. DRIVERS LICENSE PLUS SOCIAL SECURITY CARD OR BIRTH CERTIFICATE) THIS CALL REQUIRES A COMPLETED AND PASSED DRUG TEST PRIOR TO BEING PERMITTED ACCESS TO THE JOBSITE. 1 – PIEPER ELECTRIC – MILWAUKEE INSIDE JW FOR A LONG CALL – SOLAR SERVICE OPERATIONS AND MAINTENANCE SERVICE OF EXISTING SOLAR ARRAYS MUST HAVE A VALID WISCONSIN ELECTRICAL LICENSE THIS CALL REQUIRES A DRUG TEST"
2026-09-04T22:40:04.213535+00:00,2026-08-31,494,Milwaukee / SE Wisconsin,"Milwaukee, Wi",Unclassified data center,9,,10.0,,,,1.0,23.0,https://where2bro.com/hot-spots/,9 – STAFF ELECTRIC – MILWAUKEE INSIDE JW FOR A LONG CALL – JOBSITE: VARIOUS MKE JOBSITES MUST HAVE A VALID ELECTRICAL LICENSE THIS CALL REQUIRES A DRUG TEST 1 – ROMAN ELECTRIC – MILWAUKEE INSIDE JW FOR A LONG CALL – JOBSITE: PORT WASHINGTON DATA CENTER CURRENTLY PAYING JW WAGE PLUS $10/HR BASE WAGE INCREASE MUST HAVE A VALID WISCONSIN ELECTRICAL LICENSE 50-58 HOURS PER WEEK MUST HAVE PHYSICAL COPY OF THE FOLLOWING: PASSPORT OR TWO FORMS OF GOVERNMENT ID (IE. DRIVERS LICENSE PLUS SOCIAL SECURITY CARD OR BIRTH CERTIFICATE) THIS CALL REQUIRES A COMPLETED AND PASSED DRUG TEST PRIOR TO BEING PERMITTED ACCESS TO THE JOBSITE.
2026-09-04T22:40:04.213535+00:00,2026-08-31,494,Milwaukee / SE Wisconsin,"Milwaukee, Wi",Unclassified data center,1,,10.0,,,,1.0,6.9,https://where2bro.com/hot-spots/,1 – ROMAN ELECTRIC – MILWAUKEE INSIDE JW FOR A LONG CALL – JOBSITE: PORT WASHINGTON DATA CENTER CURRENTLY PAYING JW WAGE PLUS $10/HR BASE WAGE INCREASE MUST HAVE A VALID WISCONSIN ELECTRICAL LICENSE 50-58 HOURS PER WEEK MUST HAVE PHYSICAL COPY OF THE FOLLOWING: PASSPORT OR TWO FORMS OF GOVERNMENT ID (IE. DRIVERS LICENSE PLUS SOCIAL SECURITY CARD OR BIRTH CERTIFICATE) THIS CALL REQUIRES A COMPLETED AND PASSED DRUG TEST PRIOR TO BEING PERMITTED ACCESS TO THE JOBSITE. 1 – ROMAN ELECTRIC – MILWAUKEE RW (RESIDENTIAL) FOR A LONG CALL – SPECIAL SKILLS: SERVICE TRUCK EXPERIENCE MUST HAVE A VALID STATE RESIDENTIAL JOURNEYMAN LICENSE THIS CALL REQUIRES A DRUG TEST
2026-09-04T22:40:04.213535+00:00,2026-08-31,583,El Paso–Santa Teresa,"El Paso, Tx",Meta El Paso,22,56.7,40.0,15.0,,2.0,0.9,73.1,https://where2bro.com/hot-spots/,"ROSENDIN ELECTRIC – META EL PASO, TX POSITION: 22 OPEN JIW $40/HR + $15 INCENTIVE FOR 90% OF 60/HR PER WK SCHEDULE: 60,60,50/HR ROTATION, OVERTIME IS DOUBLE TIME. REQUIREMENTS:"
2026-09-04T22:40:04.213535+00:00,2026-08-31,583,El Paso–Santa Teresa,"El Paso, Tx",Project Miner / Santa Teresa,5,60.0,55.0,,,2.0,0.98,47.9,https://where2bro.com/hot-spots/,MASS ELECTRIC – PROJECT MINER SANTA TERESA NEW MEXICO POSITION: 5 OPEN JIW $55/HR ALL OT IS DOUBLE TIME SCHEDULE: 6/10S REQUIREMENTS:
2026-09-04T22:40:04.213535+00:00,2026-08-31,583,El Paso–Santa Teresa,"El Paso, Tx",Meta El Paso,1,50.0,40.0,,,,0.9,16.9,https://where2bro.com/hot-spots/,VFC META EL PASO TEXAS POSITION: 1 OPEN JIW $40/HR SCHEDULE:5/10S REQUIREMENTS:
2026-09-04T22:40:04.213535+00:00,2026-08-31,583,El Paso–Santa Teresa,"El Paso, Tx",Project Miner / Santa Teresa,6,50.0,55.0,,,2.0,0.98,39.5,https://where2bro.com/hot-spots/,B & D INDUSTRIES PROJECT MINER SANTA TERESA NEW MEXICO POSITION: 6 OPEN JIW $55/HR ALL OT IS DOUBLE TIME AFTER 40HRS WORKED SCHEDULE: 5/10S WITH OPTIONAL OT ON SATURDAYS REQUIREMENTS:
2026-09-04T22:40:04.213535+00:00,2026-08-31,613,Atlanta,"Atlanta, Ga",QTS,10,40.0,,,,,1.0,24.0,https://where2bro.com/hot-spots/,"10 – ALLISON-SMITH –REG JW CALL FOR QTS FAYETTE – INDEFINITE CALL WORKING 4-10’S & 2-8’S MON-SAT STARTING AT 6AM 4 – CLEVELAND ELECTRIC COMPANY, INC – REG JW CALL FOR EQUINIX DATA CENTER – INDEFINITE CALL WORKING 4-10’S & 1-8 MON-FRI STARTING AT 6:30AM NEW DATA CENTER BESIDE ATL MOTOR SPEEDWAY – MAJORITY OF THE WORK IS INSIDE"
2026-09-04T22:40:04.213535+00:00,2026-08-31,613,Atlanta,"Atlanta, Ga",Equinix,4,40.0,,,,,1.0,16.1,https://where2bro.com/hot-spots/,"4 – CLEVELAND ELECTRIC COMPANY, INC – REG JW CALL FOR EQUINIX DATA CENTER – INDEFINITE CALL WORKING 4-10’S & 1-8 MON-FRI STARTING AT 6:30AM NEW DATA CENTER BESIDE ATL MOTOR SPEEDWAY – MAJORITY OF THE WORK IS INSIDE 1 – CLEVELAND ELECTRIC COMPANY, INC – REG JW CALL FOR FOREMAN – INTERVIEW FOR A FOREMAN WORKING 4-10’S & 1-8 MON-FRI STARTING AT 6AM"
2026-09-04T22:40:04.213535+00:00,2026-08-31,613,Atlanta,"Atlanta, Ga",Unclassified data center,1,40.0,,,,,1.0,6.9,https://where2bro.com/hot-spots/,"1 – CLEVELAND ELECTRIC COMPANY, INC – REG JW CALL FOR VDC/BIM DEP – INTERVIEW FOR VDC / BIM DEP WORKING 5-8’S MON-FRI STARTING AT 7AM 5 – CLEVELAND ELECTRIC COMPANY, INC – REG JW CALL FOR FULTON INDUSTRIAL DATA CENTER – INDEFINITE CALL WORKING 4-10’S & 1-8 MON-FRI STARTING AT 6:30"
2026-09-04T22:40:04.213535+00:00,2026-08-31,613,Atlanta,"Atlanta, Ga",Unclassified data center,5,40.0,,,,,1.0,17.9,https://where2bro.com/hot-spots/,"5 – CLEVELAND ELECTRIC COMPANY, INC – REG JW CALL FOR FULTON INDUSTRIAL DATA CENTER – INDEFINITE CALL WORKING 4-10’S & 1-8 MON-FRI STARTING AT 6:30 10 – CLEVELAND ELECTRIC COMPANY, INC – REG JW CALL FOR PLANT YATES – INDEFINITE CALL WORKING 9-10S MON-FRI STARTING AT 6:30AM HEAVY INDUSTRIAL WORK HIRE IN DAYS ARE TUESDAYS & THURSDAYS JOB ADDRESS: 900 DYER RD NEWNAN GA 30263 DRUG TEST IS DIRECT VIEW THIS JOB WORKS UNDER THE SCMMA AGREEMENT"
2026-09-04T22:40:04.213535+00:00,2026-08-31,613,Atlanta,"Atlanta, Ga",Unclassified data center,10,90.0,,,,,1.0,44.0,https://where2bro.com/hot-spots/,"10 – CLEVELAND ELECTRIC COMPANY, INC – REG JW CALL FOR PLANT YATES – INDEFINITE CALL WORKING 9-10S MON-FRI STARTING AT 6:30AM HEAVY INDUSTRIAL WORK HIRE IN DAYS ARE TUESDAYS & THURSDAYS JOB ADDRESS: 900 DYER RD NEWNAN GA 30263 DRUG TEST IS DIRECT VIEW THIS JOB WORKS UNDER THE SCMMA AGREEMENT 2 – CLEVELAND ELECTRIC COMPANY, INC – REG JW CALL FOR T5 DATA CENTER – INDEFINITE CALL WORKING 5-10’S MON-FRI AT 6AM"
2026-09-04T22:40:04.213535+00:00,2026-08-31,613,Atlanta,"Atlanta, Ga",Unclassified data center,2,50.0,,,,,1.0,21.0,https://where2bro.com/hot-spots/,"2 – CLEVELAND ELECTRIC COMPANY, INC – REG JW CALL FOR T5 DATA CENTER – INDEFINITE CALL WORKING 5-10’S MON-FRI AT 6AM 1 – D&R CONTRACTING –REG JW CALL FOR METRO ATLANTA – INDEFINITE CALL WORKING 5-8’S & 1-8 MON-FRI STARTING AT 6AM"
2026-09-04T22:40:04.213535+00:00,2026-08-31,613,Atlanta,"Atlanta, Ga",Switch,1,40.0,,,,,1.0,6.9,https://where2bro.com/hot-spots/,"1 – D&R CONTRACTING –REG JW CALL FOR METRO ATLANTA – INDEFINITE CALL WORKING 5-8’S & 1-8 MON-FRI STARTING AT 6AM 1 – ELECTRIC CONSTRUCTION COMAPNY – REG JW CALL FOR WINWARD DATA CENTER – INTERVIEW FOR DATA CENTER MAINTANENCE WORKING 7-12’S. THIS SHIFT IS 7 ON 7 OFF. WORK ONE WEEK OFF THE NEXT. MUST PASS A BACKGROUND CHECK. MUST HAVE KNOWLEDGE OF CRITICAL FACILITIES INFRASTRUCTURE, AUTOMATED CONTROLS, TRIDIUM, SHAREPOINT, ASCO SWITCH GEAR AND MGE UPS SYSTEMS."
2026-09-04T22:40:04.213535+00:00,2026-08-31,613,Atlanta,"Atlanta, Ga",Switch,1,84.0,,,,,1.0,26.9,https://where2bro.com/hot-spots/,"1 – ELECTRIC CONSTRUCTION COMAPNY – REG JW CALL FOR WINWARD DATA CENTER – INTERVIEW FOR DATA CENTER MAINTANENCE WORKING 7-12’S. THIS SHIFT IS 7 ON 7 OFF. WORK ONE WEEK OFF THE NEXT. MUST PASS A BACKGROUND CHECK. MUST HAVE KNOWLEDGE OF CRITICAL FACILITIES INFRASTRUCTURE, AUTOMATED CONTROLS, TRIDIUM, SHAREPOINT, ASCO SWITCH GEAR AND MGE UPS SYSTEMS. 9 – INGLETT & STUBBS –REG JW CALL FOR SWITCH DATA CENTER – INDEFINITE CALL WORKING 4-10’S & 2-8’S MON-SAT STARTING AT 6:30AM SATURDAYS ARE OPTIONAL JOBSITE ORIENTATION IS MON-FRI, SAFETY TOE SHOES REQUIRED NEW CONSTRUCTION DATA CENTER"
2026-09-04T22:40:04.213535+00:00,2026-08-31,613,Atlanta,"Atlanta, Ga",QTS,9,40.0,,,,,1.0,23.0,https://where2bro.com/hot-spots/,"9 – INGLETT & STUBBS –REG JW CALL FOR SWITCH DATA CENTER – INDEFINITE CALL WORKING 4-10’S & 2-8’S MON-SAT STARTING AT 6:30AM SATURDAYS ARE OPTIONAL JOBSITE ORIENTATION IS MON-FRI, SAFETY TOE SHOES REQUIRED NEW CONSTRUCTION DATA CENTER 37 – INGLETT & STUBBS –REG JW CALL FOR QTS FAYETTE – REG JW CALL FOR SWITCH DATA CENTER – INDEFINITE CALL WORKING 4-10’S & 1-8’S MON-SAT STARTING AT 6:30AM SATURDAYS ARE OPTIONAL"
2026-09-04T22:40:04.213535+00:00,2026-08-31,613,Atlanta,"Atlanta, Ga",QTS,37,40.0,,,,,1.0,36.4,https://where2bro.com/hot-spots/,37 – INGLETT & STUBBS –REG JW CALL FOR QTS FAYETTE – REG JW CALL FOR SWITCH DATA CENTER – INDEFINITE CALL WORKING 4-10’S & 1-8’S MON-SAT STARTING AT 6:30AM SATURDAYS ARE OPTIONAL 16 – INGLETT & STUBBS –REG JW CALL FOR DATABANK – INDEFINITE CALL WORKING 4-10’S & 1-8 MON-FRI STARTING AT 6:30AM
2026-09-04T22:40:04.213535+00:00,2026-08-31,613,Atlanta,"Atlanta, Ga",DataBank,16,40.0,,,,,0.95,28.3,https://where2bro.com/hot-spots/,16 – INGLETT & STUBBS –REG JW CALL FOR DATABANK – INDEFINITE CALL WORKING 4-10’S & 1-8 MON-FRI STARTING AT 6:30AM 14 – INGLETT & STUBBS –REG JW CALL FOR WELLSTAR PAULDING HOSPITAL – INDEFINITE CALL WORKING 5-8’S MON-FRI STARTING AT 6:30AM
2026-09-04T22:40:04.213535+00:00,2026-08-31,613,Atlanta,"Atlanta, Ga",Switch,14,40.0,,,,,0.9,27.1,https://where2bro.com/hot-spots/,14 – INGLETT & STUBBS –REG JW CALL FOR WELLSTAR PAULDING HOSPITAL – INDEFINITE CALL WORKING 5-8’S MON-FRI STARTING AT 6:30AM 2 – INGLETT & STUBBS –REG JW CALL FOR CABLE SPLICER / SWITCH – INDEFINITE CALL WORKING 4-10’S & 1-8 MON-FRI STARTING AT 6AM W/ OPTIONAL SATURDAYS MEDIUM VOLTAGE CABLE SPLICER – MUST COMPLETE 3M TRAINING SAFETY TOED BOOTS REQUIRED
2026-09-04T22:40:04.213535+00:00,2026-08-31,613,Atlanta,"Atlanta, Ga",Switch,2,40.0,,,,,0.9,11.0,https://where2bro.com/hot-spots/,2 – INGLETT & STUBBS –REG JW CALL FOR CABLE SPLICER / SWITCH – INDEFINITE CALL WORKING 4-10’S & 1-8 MON-FRI STARTING AT 6AM W/ OPTIONAL SATURDAYS MEDIUM VOLTAGE CABLE SPLICER – MUST COMPLETE 3M TRAINING SAFETY TOED BOOTS REQUIRED 1 – MAYBERRY ELECTRIC – REG JW CALL FOR SERVICE TRUCK – INTERVIEW
2026-09-04T22:40:04.213535+00:00,2026-08-31,613,Atlanta,"Atlanta, Ga",Equinix,1,50.0,,,,,1.0,16.9,https://where2bro.com/hot-spots/,"1 – MAYBERRY ELECTRIC – REG JW CALL FOR SERVICE TRUCK – INTERVIEW 6 – MILLER ELECTRIC COMPANY FL –REG JW CALL FOR EQUINIX DATA CENTER – INDEFINITE CALL WORKING 5-10’S & 1-8 MON-SAT STARTING AT 6AM ALL INSIDE WORK- DATA HALL BUILD OUT, CABLE TRAY, LIGHTING AND WHIP INSTALLATION"
2026-09-04T22:40:04.213535+00:00,2026-08-31,613,Atlanta,"Atlanta, Ga",Equinix,6,50.0,,,,,1.0,29.5,https://where2bro.com/hot-spots/,"6 – MILLER ELECTRIC COMPANY FL –REG JW CALL FOR EQUINIX DATA CENTER – INDEFINITE CALL WORKING 5-10’S & 1-8 MON-SAT STARTING AT 6AM ALL INSIDE WORK- DATA HALL BUILD OUT, CABLE TRAY, LIGHTING AND WHIP INSTALLATION 2 – MILLER ELECTRIC COMPANY FL –REG JW CALL FOR FLEXENTIAL DATA CENTER – INDEFINITE CALL WORKING 5-10’S MON-FRI STARTING AT 6AM W/POSSIBLE SATURDAYS – WORKING ON CONDITIONED AIR DATA HALLS. ALL UNDERFLOOR WORK. WORKING IN CLEAN WORKSPACE INSTALLING FEEDERS AND PANELS, 6 MONTH DURATION"
2026-09-04T22:40:04.213535+00:00,2026-08-31,613,Atlanta,"Atlanta, Ga",Unclassified data center,2,50.0,,,,,1.0,21.0,https://where2bro.com/hot-spots/,"2 – MILLER ELECTRIC COMPANY FL –REG JW CALL FOR FLEXENTIAL DATA CENTER – INDEFINITE CALL WORKING 5-10’S MON-FRI STARTING AT 6AM W/POSSIBLE SATURDAYS – WORKING ON CONDITIONED AIR DATA HALLS. ALL UNDERFLOOR WORK. WORKING IN CLEAN WORKSPACE INSTALLING FEEDERS AND PANELS, 6 MONTH DURATION 2 – MILLER ELECTRIC COMPANY FL –REG JW CALL FOR FL/SERVICE TRUCK – SERVICE TRUCK CALL: INTERVIEW 3 TO HIRE 1 JOURNEYMAN. JOB IS WORKING 5-8’S MONDAY THRU FRIDAY. 7AM TO 3:30PM (OVERTIME REQUIRED) MUST HAVE A CLEAN DRIVING RECORD. PREVIOUS SERVICE TRUCK EXPERIENCE A PLUS. 18. TOBACCO USAGE: [“NON-SMOKING JOB”,”NON-TOBACCO PRODUCTS JOB”,”NON-ELECTRONIC CIGERETTE”] 19.THE REQUESTING COMPANY, BY USING THE SERVICES OF WORKRIGHT, AGREES THAT PAYMENT FOR THE ABOVE DRUG TEST (IRRESPECTIVE OF THE RESULTS) IS THE SOLE RESPONSIBILITY OF THE REQUESTING COMANY AND PAYMENT WILL BE FORWARDED WITHIN 15 WORKING DAYS OF THE "
2026-09-04T22:40:04.213535+00:00,2026-08-31,613,Atlanta,"Atlanta, Ga",Unclassified data center,2,40.0,,,,,1.0,11.0,https://where2bro.com/hot-spots/,"2 – MILLER ELECTRIC COMPANY FL –REG JW CALL FOR FL/SERVICE TRUCK – SERVICE TRUCK CALL: INTERVIEW 3 TO HIRE 1 JOURNEYMAN. JOB IS WORKING 5-8’S MONDAY THRU FRIDAY. 7AM TO 3:30PM (OVERTIME REQUIRED) MUST HAVE A CLEAN DRIVING RECORD. PREVIOUS SERVICE TRUCK EXPERIENCE A PLUS. 18. TOBACCO USAGE: [“NON-SMOKING JOB”,”NON-TOBACCO PRODUCTS JOB”,”NON-ELECTRONIC CIGERETTE”] 19.THE REQUESTING COMPANY, BY USING THE SERVICES OF WORKRIGHT, AGREES THAT PAYMENT FOR THE ABOVE DRUG TEST (IRRESPECTIVE OF THE RESULTS) IS THE SOLE RESPONSIBILITY OF THE REQUESTING COMANY AND PAYMENT WILL BE FORWARDED WITHIN 15 WORKING DAYS OF THE DUE DATE OF INVOICE. USE COMPANY MEDICAL PROVIDER FOR DRUG TESTING. 2 – MILLER ELECTRIC COMPANY FL –REG JW CALL FOR FOREMAN INTERVIEW FOR HAMPTON DATA CENTER JOB IS WORKING 5-10’S & 1-8 MON-SAT STARTING AT 6AM"
2026-09-04T22:40:04.213535+00:00,2026-08-31,613,Atlanta,"Atlanta, Ga",Switch,2,50.0,,,,,1.0,21.0,https://where2bro.com/hot-spots/,2 – MILLER ELECTRIC COMPANY FL –REG JW CALL FOR FOREMAN INTERVIEW FOR HAMPTON DATA CENTER JOB IS WORKING 5-10’S & 1-8 MON-SAT STARTING AT 6AM 3 – MILLER ELECTRIC COMPANY FL –REG JW CALL FOR SWITCH – INDEFINITE CALL WORKING 5-8’S MON-FRI STARTING AT 6:30AM
2026-09-04T22:40:04.213535+00:00,2026-08-31,613,Atlanta,"Atlanta, Ga",QTS,3,40.0,,,,,0.95,13.9,https://where2bro.com/hot-spots/,"3 – MILLER ELECTRIC COMPANY FL –REG JW CALL FOR SWITCH – INDEFINITE CALL WORKING 5-8’S MON-FRI STARTING AT 6:30AM 20 – MILLER ELECTRICAL CONTRACTORS TN – REG JW CALL FOR CABLE SPLICER QTS FAYETTE – INDEFINITE CALL WORKING 5-10’S MON-FRI WITH A 6AM START – SPECIAL SKILLS REQUIRED-3 YEARS DOCUMENTED EXPERIENCE (RESUME AND MANUFACTURER-SPECIFIC TRAINING CERTS) INSTALLER MUST COMPLETE SHERMCO, NETA OR QTS-APPROVED THIRD PARTY, TRAINING SPECIFIED HEREIN BEFORE PERFORMING WORK. WILL BE WORKING WITH MEDIUM VOLTAGE SPLICES."
2026-09-04T22:40:04.213535+00:00,2026-08-31,613,Atlanta,"Atlanta, Ga",QTS,20,50.0,,,,,0.95,40.4,https://where2bro.com/hot-spots/,"20 – MILLER ELECTRICAL CONTRACTORS TN – REG JW CALL FOR CABLE SPLICER QTS FAYETTE – INDEFINITE CALL WORKING 5-10’S MON-FRI WITH A 6AM START – SPECIAL SKILLS REQUIRED-3 YEARS DOCUMENTED EXPERIENCE (RESUME AND MANUFACTURER-SPECIFIC TRAINING CERTS) INSTALLER MUST COMPLETE SHERMCO, NETA OR QTS-APPROVED THIRD PARTY, TRAINING SPECIFIED HEREIN BEFORE PERFORMING WORK. WILL BE WORKING WITH MEDIUM VOLTAGE SPLICES. 3 – MILLER ELECTRICAL CONTRACTORS TN – REG JW CALL FOR VDC – INTERVIEW FOR VDC DEPARTMENT WORKING 5-8’S MON-FRI STARTING AT 6AM QULIFICATIONS NEEDED: INNOVATIVE, PROFICIENT IN REVIT, EXPERIENCE IN NAVISWORKS FOR CLASH DETECTION, COORDINATION, AND MODEL REVIEW, FAMILIARITY W/ ACC FOR FILE MANAGEMENT, PUBLISHING AND COLLABORATION, ABILITY TO READ AND INTERPRET ELECTRICAL DRAWINGS, ONE-LINE DIAGRAMS AND PROJECT SPECS, EXPERIENCE PARTICIPATING OR LEADING A BIM COORDINATION MEETING WITH OTHER"
2026-09-04T22:40:04.213535+00:00,2026-08-31,613,Atlanta,"Atlanta, Ga",QTS,1,40.0,,,,,0.95,6.9,https://where2bro.com/hot-spots/,"1 – PLAYER & COMPANY – REG JW CALL FOR SERVICE TRUCK INTERVIEW 15 – SUTTON ELECTRIC –REG JW CALL FOR QTS CENTER – INDEFINATE CAL WORKING 4-10’S, 6:30AM TO 5PM MON THRU FRIDAY HVAC CONTROL"
2026-09-04T22:40:04.213535+00:00,2026-08-31,613,Atlanta,"Atlanta, Ga",QTS,15,40.0,,,,,0.95,27.7,https://where2bro.com/hot-spots/,"15 – SUTTON ELECTRIC –REG JW CALL FOR QTS CENTER – INDEFINATE CAL WORKING 4-10’S, 6:30AM TO 5PM MON THRU FRIDAY HVAC CONTROL 1 – SUTTON ELECTRIC –REG JW CALL FOR WATER TREATMENT PLANT – INDEFINATE CALL WORKING 5-8’S MON- FRI 7AM -3:30PM RIGID, DUCT BANK AND CONTROLS"
2026-09-04T22:40:04.213535+00:00,2026-08-31,613,Atlanta,"Atlanta, Ga",QTS,1,40.0,,,,,0.95,6.9,https://where2bro.com/hot-spots/,"1 – SUTTON ELECTRIC –REG JW CALL FOR WATER TREATMENT PLANT – INDEFINATE CALL WORKING 5-8’S MON- FRI 7AM -3:30PM RIGID, DUCT BANK AND CONTROLS 1 – SUTTON ELECTRIC –REG JW CALL FOR QTS FAYETTEVILLE FOREMAN INTERVIEW"
2026-09-04T22:40:04.213535+00:00,2026-08-31,613,Atlanta,"Atlanta, Ga",QTS,1,40.0,,,,,1.0,6.9,https://where2bro.com/hot-spots/,"1 – SUTTON ELECTRIC –REG JW CALL FOR QTS FAYETTEVILLE FOREMAN INTERVIEW 5 – UPTIME ELECTRIC COMPANY, INC – REG JW CALL FOR SWITCH DATA CENTER – INDEFINITE CALL WORKING 5-8’S MON-FRI STARTING AT 6AM – SAFETY TOE BOOTS REQUIRED"
2026-09-04T22:40:04.213535+00:00,2026-08-31,613,Atlanta,"Atlanta, Ga",Switch,5,40.0,,,,,1.0,17.9,https://where2bro.com/hot-spots/,"5 – UPTIME ELECTRIC COMPANY, INC – REG JW CALL FOR SWITCH DATA CENTER – INDEFINITE CALL WORKING 5-8’S MON-FRI STARTING AT 6AM – SAFETY TOE BOOTS REQUIRED 2 – UPTIME ELECTRIC COMPANY, INC – REG JW CALL FOR AIRPORT – INDEFINITE CALL WORKING 5-8’S MON-FRI STARTING AT 6:30AM MUST PASS A 10YR FBI BACKGROUND CHECK AND WAIT 2-3 WEEKS. WORK AVAILABLE AT THE AIRPORT WHILE WAITING ON BADGING PROCESS"
2026-09-04T22:40:04.213535+00:00,2026-08-31,613,Atlanta,"Atlanta, Ga",Switch,4,40.0,,,,,0.9,16.1,https://where2bro.com/hot-spots/,"4 – VANTIX ELECTRIC – REG JW CALL FOR MULTIPLE METRO SURROUNDING METRO AREA SITES – INDEFINATE CALL WORKING 5-8’S, MON-FRI 6AM-2:30PM MULTIPLE METRO SURROUNDING METRO AREA SITES 4 – VANTIX ELECTRIC – REG JW CALL FOR SWITCH – INDEFINITE CALL WORKING 4-10’S & 2-8’S MON-SAT STARTING AT 6:30AM"
2026-09-04T22:40:04.213535+00:00,2026-08-31,613,Atlanta,"Atlanta, Ga",Switch,4,40.0,,,,,0.9,16.1,https://where2bro.com/hot-spots/,"4 – VANTIX ELECTRIC – REG JW CALL FOR SWITCH – INDEFINITE CALL WORKING 4-10’S & 2-8’S MON-SAT STARTING AT 6:30AM 1 – WHITE ELECTRICAL CONSTRUCTION CO, INC – REG JW CALL FOR FIRE ALARM/ FIBER – INDEFINITE CALL WORKING 7AM-3:30PM MON-FRIDAY W/ SPOTTED OT"
2026-09-04T22:40:04.213535+00:00,2026-08-31,613,Atlanta,"Atlanta, Ga",QTS,1,40.0,,,,,0.95,6.9,https://where2bro.com/hot-spots/,"1 – WHITEHEAD ELECTRIC COMPANY –SAFETY MAN INTERVIEW WORKING 5-8’S MON-FRI 7AM – 4PM 41 – WHITEHEAD ELECTRIC COMPANY – REG JW CALL FOR QTS DC3 – INDEFINITE CALL WORKING 4-10’S & 2-8’S MON-SAT STARTING AT 6AM HANGING CABLE TRAY, PULLING FEEDER MC FROM PDU’S TO RPP’S JOBSITE ORIENTATION IS MON-THURS. SAFETY TOED BOOTS REQUIRED"
2026-09-04T22:40:04.213535+00:00,2026-08-31,613,Atlanta,"Atlanta, Ga",QTS,41,40.0,,,,,0.95,37.4,https://where2bro.com/hot-spots/,"41 – WHITEHEAD ELECTRIC COMPANY – REG JW CALL FOR QTS DC3 – INDEFINITE CALL WORKING 4-10’S & 2-8’S MON-SAT STARTING AT 6AM HANGING CABLE TRAY, PULLING FEEDER MC FROM PDU’S TO RPP’S JOBSITE ORIENTATION IS MON-THURS. SAFETY TOED BOOTS REQUIRED"
2026-09-04T22:40:04.213535+00:00,2026-08-31,683,Columbus–New Albany,"Columbus, Oh",Edged Data Center,4,50.0,,,100.0,2.0,0.95,41.1,https://where2bro.com/hot-spots/,"4-JW FOR A REGULAR CALL(REG HRS WITH $100 A DAY INCENTIVE) WITH BLATTNER AT THE PLEASANT PRAIRIE SOLAR PROJECT 365 MURNAN RD., GALLOWAY 43119. DRUG TEST 1-JW FOR A REGULAR CALL(5-10’S+8 WITH 6AM START, ALL O/T PAID DOUBLE WITH REG 40 WORKED M-F) WITH EAGLE AT EDGED DATA IN NEW ALBANY. MUST HAVE DAY ONE ORIGINAL BIRTH CERTIFICATE OR PASSPORT."
2026-09-04T22:40:04.213535+00:00,2026-08-31,683,Columbus–New Albany,"Columbus, Oh",Edged Data Center,1,50.0,,,,2.0,0.95,26.9,https://where2bro.com/hot-spots/,"1-JW FOR A REGULAR CALL(5-10’S+8 WITH 6AM START, ALL O/T PAID DOUBLE WITH REG 40 WORKED M-F) WITH EAGLE AT EDGED DATA IN NEW ALBANY. MUST HAVE DAY ONE ORIGINAL BIRTH CERTIFICATE OR PASSPORT. 2-JW FOR A REGULAR CALL(REG HRS) WITH NORTH ELECTRIC/EPD AT VARIOUS LOCATIONS. BACKGROUND CHECK."
2026-09-04T22:40:04.213535+00:00,2026-08-31,683,Columbus–New Albany,"Columbus, Oh",Unclassified data center,2,40.0,54.5,,,,1.0,11.0,https://where2bro.com/hot-spots/,"2-JW FOR A REGULAR CALL(4-10’S+ WITH ($70+ A DAY PER DIEM AT $54.50HR) WITH NEW RIVER AT VARIOUS LOCATIONS. MUST HAVE NATIONAL CABLE SPLICER CERTIFICATE, CLEAN DRIVING RECORD, PASS BACKGROUND CHECK AT HIGH SECURITY FACILITIES! 1-JW(TEST TECH) FOR A REGULAR CALL(REG HRS) WITH UTILITIES INSTRUMENTATION SERV. DOING NETA TESTING AT VARIOUS DATA CENTERS. AT LEAST 1YR TESTING EXP. WITH NETA 2 OR 3 PREFERRED.. 2 YR DURATION."
2026-09-04T22:40:04.213535+00:00,2026-08-31,683,Columbus–New Albany,"Columbus, Oh",Unclassified data center,1,,,,,,1.0,6.9,https://where2bro.com/hot-spots/,"1-JW(TEST TECH) FOR A REGULAR CALL(REG HRS) WITH UTILITIES INSTRUMENTATION SERV. DOING NETA TESTING AT VARIOUS DATA CENTERS. AT LEAST 1YR TESTING EXP. WITH NETA 2 OR 3 PREFERRED.. 2 YR DURATION. 1-JW FOR A REGULAR CALL(REG HRS+) WITH HILSCHER-CLARKE AT VARIOUS LOCATIONS. STEEL TOE, EXT LADDER WORK."
2026-09-04T22:40:04.213535+00:00,2026-08-31,1105,Newark–New Albany,"Newark, Oh",Unclassified data center,5,60.0,,2.01,,,0.9,39.9,https://where2bro.com/hot-spots/,5-JW FOR MCGRAW KOKOSING NAB DAY SHIFT. WORKING 6-10S PAYING $2.01 OVER SCALE WITH ALL OVERTIME PAID AS DT. LUNCH PROVIDED DAILY. 3 MONTH CALL. 6-TELEDATA WORKERS FOR STONER ELECTRIC GROUPPROJECT META NEW ALBANY. START DATE 5-25. START TIME 6:00AM. WORKING MON-FRI 6:00-2:30-OT AVAILABLE TILL 4:30: SATURDAY AND SUNDAY WORK CONDITIONALLY AVAILABLE. 6 MONTHS +
2026-09-04T22:40:04.213535+00:00,2026-08-31,1105,Newark–New Albany,"Newark, Oh",Unclassified data center,6,40.0,,,,,0.9,19.5,https://where2bro.com/hot-spots/,6-TELEDATA WORKERS FOR STONER ELECTRIC GROUPPROJECT META NEW ALBANY. START DATE 5-25. START TIME 6:00AM. WORKING MON-FRI 6:00-2:30-OT AVAILABLE TILL 4:30: SATURDAY AND SUNDAY WORK CONDITIONALLY AVAILABLE. 6 MONTHS + 4-JWS FOR THE SUPERIOR GROUP AT HJS. STARTING 8/25/26. WORKING 4-10S AND 1-8. START TIME 7AM. REGULAR CALL.
2026-09-04T22:40:04.213535+00:00,2026-08-31,1105,Newark–New Albany,"Newark, Oh",Vantage,6,40.0,,,,2.0,0.95,29.5,https://where2bro.com/hot-spots/,"6-JWS FOR THE SUPERIOR GROUP AT PROJECT CYRUS 1. WORKING 4-10S, 8 ON FRIDAY, AND SPOTTY SATURDAYS. START TIME 6:30 AM ON A REGULAR CALL. 8-JWS FOR THE SUPERIOR GROUP AT VANTAGE. START TIME 7AM. WORKING 4-10S AND 2-8’S. ALL OVERTIME PAID AS DOUBLE TIME, 6 LUNCHES PROVIDED."
2026-09-04T22:40:04.213535+00:00,2026-08-31,1105,Newark–New Albany,"Newark, Oh",Vantage,8,40.0,,,,2.0,0.95,32.0,https://where2bro.com/hot-spots/,"8-JWS FOR THE SUPERIOR GROUP AT VANTAGE. START TIME 7AM. WORKING 4-10S AND 2-8’S. ALL OVERTIME PAID AS DOUBLE TIME, 6 LUNCHES PROVIDED. OPEN CE CALLS:"
